Round,FPR,FRR
0,0.0,1.0
1,0.0,0.13333333333333333
2,0.0,0.0
3,0.2,0.8666666666666667
4,0.2,0.43333333333333335
5,0.0,0.06666666666666667
6,0.0,0.0
7,0.21428571428571427,0.0
8,0.21428571428571427,0.5666666666666667
9,0.12857142857142856,0.5
10,0.12857142857142856,0.23333333333333334
11,0.0,0.13333333333333333
12,0.0,0.03333333333333333
13,0.0,0.0
14,0.0,0.0
15,0.0,0.43333333333333335
16,0.0,0.5
17,0.0,0.13333333333333333
18,0.0,0.13333333333333333
19,0.0,0.03333333333333333
20,0.0,0.0
21,0.0,0.0
22,0.0,0.0
23,0.0,0.0
24,0.0,0.26666666666666666
25,0.0,0.6333333333333333
26,0.0,0.26666666666666666
27,0.0,0.26666666666666666
28,0.0,0.03333333333333333
29,0.0,0.0
30,0.0,0.0
31,0.0,0.0
32,0.0,0.0
33,0.0,0.0
34,0.0,0.0
35,0.0,0.1
36,0.0,0.5
37,0.0,0.3333333333333333
38,0.0,0.3
39,0.0,0.1
40,0.0,0.03333333333333333
41,0.0,0.0
42,0.0,0.0
43,0.0,0.0
44,0.0,0.0
45,0.0,0.0
46,0.0,0.0
47,0.0,0.0
48,0.0,0.06666666666666667
49,0.0,0.3333333333333333
50,0.0,0.4
51,0.0,0.3333333333333333
52,0.0,0.16666666666666666
53,0.0,0.1
54,0.0,0.03333333333333333
55,0.0,0.0
56,0.0,0.0
57,0.0,0.0
58,0.0,0.0
59,0.0,0.0
60,0.0,0.0
61,0.0,0.0
62,0.0,0.0
63,0.0,0.03333333333333333
64,0.0,0.23333333333333334
65,0.0,0.3
66,0.0,0.26666666666666666
67,0.0,0.16666666666666666
68,0.0,0.1
69,0.0,0.03333333333333333
70,0.0,0.0
71,0.0,0.0
72,0.0,0.0
73,0.0,0.0
74,0.0,0.0
75,0.0,0.0
76,0.0,0.0
77,0.0,0.0
78,0.0,0.0
79,0.0,0.0
80,0.0,0.03333333333333333
81,0.0,0.23333333333333334
82,0.0,0.36666666666666664
83,0.0,0.3
84,0.0,0.16666666666666666
85,0.0,0.13333333333333333
86,0.0,0.03333333333333333
87,0.0,0.0
88,0.0,0.0
89,0.0,0.0
90,0.0,0.0
91,0.0,0.0
92,0.0,0.0
93,0.0,0.0
94,0.0,0.0
95,0.0,0.0
96,0.0,0.0
97,0.0,0.0
98,0.0,0.0
99,0.0,0.03333333333333333
100,0.0,0.13333333333333333
101,0.0,0.3
102,0.0,0.3333333333333333
103,0.0,0.13333333333333333
104,0.0,0.16666666666666666
105,0.0,0.06666666666666667
106,0.0,0.0
107,0.0,0.0
108,0.0,0.0
109,0.0,0.0
110,0.0,0.0
111,0.0,0.0
112,0.0,0.0
113,0.0,0.0
114,0.0,0.0
115,0.0,0.0
116,0.0,0.0
117,0.0,0.0
118,0.0,0.0
119,0.0,0.0
120,0.0,0.03333333333333333
121,0.0,0.1
122,0.0,0.26666666666666666
123,0.0,0.36666666666666664
124,0.0,0.2
125,0.0,0.2
126,0.0,0.13333333333333333
127,0.0,0.03333333333333333
128,0.0,0.0
129,0.0,0.0
130,0.0,0.0
131,0.0,0.0
132,0.0,0.0
133,0.0,0.0
134,0.0,0.0
135,0.0,0.0
136,0.0,0.0
137,0.0,0.0
138,0.0,0.0
139,0.0,0.0
140,0.0,0.0
141,0.0,0.0
142,0.0,0.0
143,0.0,0.03333333333333333
144,0.0,0.1
145,0.0,0.26666666666666666
146,0.0,0.3333333333333333
147,0.0,0.2
148,0.0,0.16666666666666666
149,0.0,0.13333333333333333
150,0.0,0.03333333333333333
151,0.0,0.03333333333333333
152,0.0,0.03333333333333333
153,0.0,0.0
154,0.0,0.0
155,0.0,0.0
156,0.0,0.0
157,0.0,0.0
158,0.0,0.0
159,0.0,0.0
160,0.0,0.0
161,0.0,0.0
162,0.0,0.0
163,0.0,0.0
164,0.0,0.0
165,0.0,0.0
166,0.0,0.0
167,0.0,0.0
168,0.0,0.0
169,0.0,0.06666666666666667
170,0.0,0.2
171,0.0,0.26666666666666666
172,0.0,0.23333333333333334
173,0.0,0.2
174,0.0,0.23333333333333334
175,0.0,0.03333333333333333
176,0.0,0.0
177,0.0,0.03333333333333333
178,0.0,0.0
179,0.0,0.0
180,0.0,0.0
181,0.0,0.0
182,0.0,0.0
183,0.0,0.0
184,0.0,0.0
185,0.0,0.0
186,0.0,0.0
187,0.0,0.0
188,0.0,0.0
189,0.0,0.0
190,0.0,0.0
191,0.0,0.0
192,0.0,0.0
193,0.0,0.0
194,0.0,0.0
195,0.0,0.0
196,0.0,0.06666666666666667
197,0.0,0.2
198,0.0,0.3
199,0.0,0.2
200,0.0,0.16666666666666666
201,0.0,0.23333333333333334
202,0.0,0.06666666666666667
203,0.0,0.0
204,0.0,0.03333333333333333
205,0.0,0.0
206,0.0,0.0
207,0.0,0.0
208,0.0,0.0
209,0.0,0.0
210,0.0,0.0
211,0.0,0.0
212,0.0,0.0
213,0.0,0.0
214,0.0,0.0
215,0.0,0.0
216,0.0,0.0
217,0.0,0.0
218,0.0,0.0
219,0.0,0.0
220,0.0,0.0
221,0.0,0.0
222,0.0,0.0
223,0.0,0.0
224,0.0,0.0
225,0.0,0.06666666666666667
226,0.0,0.1
227,0.0,0.26666666666666666
228,0.0,0.23333333333333334
229,0.0,0.2
230,0.0,0.23333333333333334
231,0.0,0.1
232,0.0,0.03333333333333333
233,0.0,0.03333333333333333
234,0.0,0.03333333333333333
235,0.0,0.03333333333333333
236,0.0,0.0
237,0.0,0.0
238,0.0,0.0
239,0.0,0.0
240,0.0,0.0
241,0.0,0.0
242,0.0,0.0
243,0.0,0.0
244,0.0,0.0
245,0.0,0.0
246,0.0,0.0
247,0.0,0.0
248,0.0,0.0
249,0.0,0.0
250,0.0,0.0
251,0.0,0.0
252,0.0,0.0
253,0.0,0.0
254,0.0,0.0
255,0.0,0.0
256,0.0,0.06666666666666667
257,0.0,0.1
258,0.0,0.23333333333333334
259,0.0,0.23333333333333334
260,0.0,0.23333333333333334
261,0.0,0.26666666666666666
262,0.0,0.1
263,0.0,0.03333333333333333
264,0.0,0.0
265,0.0,0.0
266,0.0,0.03333333333333333
267,0.0,0.0
268,0.0,0.0
269,0.0,0.0
270,0.0,0.0
271,0.0,0.0
272,0.0,0.0
273,0.0,0.0
274,0.0,0.0
275,0.0,0.0
276,0.0,0.0
277,0.0,0.0
278,0.0,0.0
279,0.0,0.0
280,0.0,0.0
281,0.0,0.0
282,0.0,0.0
283,0.0,0.0
284,0.0,0.0
285,0.0,0.0
286,0.0,0.0
287,0.0,0.0
288,0.0,0.0
289,0.0,0.06666666666666667
290,0.0,0.03333333333333333
291,0.0,0.16666666666666666
292,0.0,0.2
293,0.0,0.23333333333333334
294,0.0,0.26666666666666666
295,0.0,0.16666666666666666
296,0.0,0.06666666666666667
297,0.0,0.0
298,0.0,0.0
299,0.0,0.03333333333333333
300,0.0,0.03333333333333333
0,0.0,1.0
1,0.0,0.13333333333333333
2,0.0,0.03333333333333333
3,0.0,0.8666666666666667
4,0.0,0.23333333333333334
5,0.0,0.1
6,0.0,0.0
7,0.2,0.0
8,0.2,0.7333333333333333
9,0.0,0.3
10,0.0,0.2
11,0.0,0.06666666666666667
12,0.0,0.0
13,0.0,0.0
14,0.0,0.0
15,0.0,0.6
16,0.0,0.36666666666666664
17,0.0,0.3333333333333333
18,0.0,0.13333333333333333
19,0.0,0.1
20,0.0,0.0
21,0.0,0.0
22,0.0,0.0
23,0.0,0.0
24,0.0,0.43333333333333335
25,0.0,0.2
26,0.0,0.36666666666666664
27,0.0,0.06666666666666667
28,0.0,0.16666666666666666
29,0.0,0.03333333333333333
30,0.0,0.0
31,0.0,0.0
32,0.0,0.0
33,0.0,0.0
34,0.0,0.0
35,0.0,0.4
36,0.0,0.16666666666666666
37,0.0,0.36666666666666664
38,0.0,0.1
39,0.0,0.13333333333333333
40,0.0,0.03333333333333333
41,0.0,0.03333333333333333
42,0.0,0.0
43,0.0,0.0
44,0.0,0.0
45,0.0,0.0
46,0.0,0.0
47,0.0,0.0
48,0.0,0.3333333333333333
49,0.0,0.23333333333333334
50,0.0,0.36666666666666664
51,0.0,0.23333333333333334
52,0.0,0.3
53,0.0,0.03333333333333333
54,0.0,0.03333333333333333
55,0.0,0.0
56,0.0,0.0
57,0.0,0.0
58,0.0,0.0
59,0.0,0.0
60,0.0,0.0
61,0.0,0.0
62,0.0,0.0
63,0.0,0.23333333333333334
64,0.0,0.2
65,0.0,0.3
66,0.0,0.16666666666666666
67,0.0,0.36666666666666664
68,0.0,0.2
69,0.0,0.06666666666666667
70,0.0,0.0
71,0.0,0.0
72,0.0,0.0
73,0.0,0.0
74,0.0,0.0
75,0.0,0.0
76,0.0,0.0
77,0.0,0.0
78,0.0,0.0
79,0.0,0.0
80,0.0,0.16666666666666666
81,0.0,0.16666666666666666
82,0.0,0.26666666666666666
83,0.0,0.1
84,0.0,0.2
85,0.0,0.2
86,0.0,0.06666666666666667
87,0.0,0.03333333333333333
88,0.0,0.0
89,0.0,0.0
90,0.0,0.0
91,0.0,0.0
92,0.0,0.0
93,0.0,0.0
94,0.0,0.0
95,0.0,0.0
96,0.0,0.0
97,0.0,0.0
98,0.0,0.0
99,0.0,0.13333333333333333
100,0.0,0.13333333333333333
101,0.0,0.23333333333333334
102,0.0,0.13333333333333333
103,0.0,0.2
104,0.0,0.23333333333333334
105,0.0,0.06666666666666667
106,0.0,0.06666666666666667
107,0.0,0.0
108,0.0,0.0
109,0.0,0.0
110,0.0,0.0
111,0.0,0.0
112,0.0,0.0
113,0.0,0.0
114,0.0,0.0
115,0.0,0.0
116,0.0,0.0
117,0.0,0.0
118,0.0,0.0
119,0.0,0.0
120,0.0,0.1
121,0.0,0.16666666666666666
122,0.0,0.23333333333333334
123,0.0,0.16666666666666666
124,0.0,0.2
125,0.0,0.23333333333333334
126,0.0,0.06666666666666667
127,0.0,0.06666666666666667
128,0.0,0.0
129,0.0,0.0
130,0.0,0.0
131,0.0,0.0
132,0.0,0.0
133,0.0,0.0
134,0.0,0.0
135,0.0,0.0
136,0.0,0.0
137,0.0,0.0
138,0.0,0.0
139,0.0,0.0
140,0.0,0.0
141,0.0,0.0
142,0.0,0.0
143,0.0,0.06666666666666667
144,0.0,0.13333333333333333
145,0.0,0.2
146,0.0,0.2
147,0.0,0.23333333333333334
148,0.0,0.23333333333333334
149,0.0,0.1
150,0.0,0.1
151,0.0,0.0
152,0.0,0.0
153,0.0,0.0
154,0.0,0.0
155,0.0,0.0
156,0.0,0.0
157,0.0,0.0
158,0.0,0.0
159,0.0,0.0
160,0.0,0.0
161,0.0,0.0
162,0.0,0.0
163,0.0,0.0
164,0.0,0.0
165,0.0,0.0
166,0.0,0.0
167,0.0,0.0
168,0.0,0.06666666666666667
169,0.0,0.1
170,0.0,0.13333333333333333
171,0.0,0.16666666666666666
172,0.0,0.26666666666666666
173,0.0,0.23333333333333334
174,0.0,0.06666666666666667
175,0.0,0.1
176,0.0,0.0
177,0.0,0.0
178,0.0,0.0
179,0.0,0.0
180,0.0,0.0
181,0.0,0.0
182,0.0,0.0
183,0.0,0.0
184,0.0,0.0
185,0.0,0.0
186,0.0,0.0
187,0.0,0.0
188,0.0,0.0
189,0.0,0.0
190,0.0,0.0
191,0.0,0.0
192,0.0,0.0
193,0.0,0.0
194,0.0,0.0
195,0.0,0.06666666666666667
196,0.0,0.13333333333333333
197,0.0,0.1
198,0.0,0.13333333333333333
199,0.0,0.23333333333333334
200,0.0,0.26666666666666666
201,0.0,0.16666666666666666
202,0.0,0.16666666666666666
203,0.0,0.1
204,0.0,0.0
205,0.0,0.0
206,0.0,0.0
207,0.0,0.0
208,0.0,0.0
209,0.0,0.0
210,0.0,0.0
211,0.0,0.0
212,0.0,0.0
213,0.0,0.0
214,0.0,0.0
215,0.0,0.0
216,0.0,0.0
217,0.0,0.0
218,0.0,0.0
219,0.0,0.0
220,0.0,0.0
221,0.0,0.0
222,0.0,0.0
223,0.0,0.0
224,0.0,0.03333333333333333
225,0.0,0.13333333333333333
226,0.0,0.06666666666666667
227,0.0,0.13333333333333333
228,0.0,0.23333333333333334
229,0.0,0.16666666666666666
230,0.0,0.13333333333333333
231,0.0,0.1
232,0.0,0.13333333333333333
233,0.0,0.03333333333333333
234,0.0,0.03333333333333333
235,0.0,0.0
236,0.0,0.0
237,0.0,0.0
238,0.0,0.0
239,0.0,0.0
240,0.0,0.0
241,0.0,0.0
242,0.0,0.0
243,0.0,0.0
244,0.0,0.0
245,0.0,0.0
246,0.0,0.0
247,0.0,0.0
248,0.0,0.0
249,0.0,0.0
250,0.0,0.0
251,0.0,0.0
252,0.0,0.0
253,0.0,0.0
254,0.0,0.0
255,0.0,0.03333333333333333
256,0.0,0.13333333333333333
257,0.0,0.06666666666666667
258,0.0,0.13333333333333333
259,0.0,0.23333333333333334
260,0.0,0.13333333333333333
261,0.0,0.1
262,0.0,0.1
263,0.0,0.13333333333333333
264,0.0,0.03333333333333333
265,0.0,0.03333333333333333
266,0.0,0.0
267,0.0,0.0
268,0.0,0.0
269,0.0,0.0
270,0.0,0.0
271,0.0,0.0
272,0.0,0.0
273,0.0,0.0
274,0.0,0.0
275,0.0,0.0
276,0.0,0.0
277,0.0,0.0
278,0.0,0.0
279,0.0,0.0
280,0.0,0.0
281,0.0,0.0
282,0.0,0.0
283,0.0,0.0
284,0.0,0.0
285,0.0,0.0
286,0.0,0.0
287,0.0,0.0
288,0.0,0.03333333333333333
289,0.0,0.13333333333333333
290,0.0,0.06666666666666667
291,0.0,0.16666666666666666
292,0.0,0.26666666666666666
293,0.0,0.23333333333333334
294,0.0,0.06666666666666667
295,0.0,0.06666666666666667
296,0.0,0.13333333333333333
297,0.0,0.03333333333333333
298,0.0,0.03333333333333333
299,0.0,0.0
300,0.0,0.0
0,0.0,1.0
1,0.0,0.26666666666666666
2,0.0,0.0
3,0.18571428571428572,0.7333333333333333
4,0.18571428571428572,0.43333333333333335
5,0.0,0.13333333333333333
6,0.0,0.0
7,0.15714285714285714,0.0
8,0.15714285714285714,0.5666666666666667
9,0.12857142857142856,0.43333333333333335
10,0.12857142857142856,0.3333333333333333
11,0.0,0.13333333333333333
12,0.0,0.03333333333333333
13,0.0,0.0
14,0.0,0.0
15,0.0,0.43333333333333335
16,0.0,0.36666666666666664
17,0.0,0.3333333333333333
18,0.0,0.16666666666666666
19,0.0,0.1
20,0.0,0.0
21,0.0,0.0
22,0.0,0.0
23,0.0,0.0
24,0.0,0.3
25,0.0,0.3
26,0.0,0.36666666666666664
27,0.0,0.2
28,0.0,0.13333333333333333
29,0.0,0.03333333333333333
30,0.0,0.0
31,0.0,0.0
32,0.0,0.0
33,0.0,0.0
34,0.0,0.0
35,0.0,0.23333333333333334
36,0.0,0.23333333333333334
37,0.0,0.3
38,0.0,0.3
39,0.0,0.2
40,0.0,0.1
41,0.0,0.03333333333333333
42,0.0,0.0
43,0.0,0.0
44,0.0,0.0
45,0.0,0.0
46,0.0,0.0
47,0.0,0.0
48,0.0,0.2
49,0.0,0.26666666666666666
50,0.0,0.16666666666666666
51,0.0,0.26666666666666666
52,0.0,0.16666666666666666
53,0.0,0.1
54,0.0,0.03333333333333333
55,0.0,0.0
56,0.0,0.0
57,0.0,0.0
58,0.0,0.0
59,0.0,0.0
60,0.0,0.0
61,0.0,0.0
62,0.0,0.0
63,0.0,0.13333333333333333
64,0.0,0.3333333333333333
65,0.0,0.16666666666666666
66,0.0,0.23333333333333334
67,0.0,0.16666666666666666
68,0.0,0.16666666666666666
69,0.0,0.1
70,0.0,0.0
71,0.0,0.0
72,0.0,0.0
73,0.0,0.0
74,0.0,0.0
75,0.0,0.0
76,0.0,0.0
77,0.0,0.0
78,0.0,0.0
79,0.0,0.0
80,0.0,0.06666666666666667
81,0.0,0.3
82,0.0,0.26666666666666666
83,0.0,0.23333333333333334
84,0.0,0.26666666666666666
85,0.0,0.26666666666666666
86,0.0,0.2
87,0.0,0.0
88,0.0,0.0
89,0.0,0.0
90,0.0,0.0
91,0.0,0.0
92,0.0,0.0
93,0.0,0.0
94,0.0,0.0
95,0.0,0.0
96,0.0,0.0
97,0.0,0.0
98,0.0,0.0
99,0.0,0.03333333333333333
100,0.0,0.2
101,0.0,0.3
102,0.0,0.16666666666666666
103,0.0,0.13333333333333333
104,0.0,0.23333333333333334
105,0.0,0.3
106,0.0,0.13333333333333333
107,0.0,0.03333333333333333
108,0.0,0.0
109,0.0,0.0
110,0.0,0.0
111,0.0,0.0
112,0.0,0.0
113,0.0,0.0
114,0.0,0.0
115,0.0,0.0
116,0.0,0.0
117,0.0,0.0
118,0.0,0.0
119,0.0,0.0
120,0.0,0.03333333333333333
121,0.0,0.13333333333333333
122,0.0,0.26666666666666666
123,0.0,0.2
124,0.0,0.1
125,0.0,0.16666666666666666
126,0.0,0.23333333333333334
127,0.0,0.2
128,0.0,0.06666666666666667
129,0.0,0.03333333333333333
130,0.0,0.0
131,0.0,0.0
132,0.0,0.0
133,0.0,0.0
134,0.0,0.0
135,0.0,0.0
136,0.0,0.0
137,0.0,0.0
138,0.0,0.0
139,0.0,0.0
140,0.0,0.0
141,0.0,0.0
142,0.0,0.0
143,0.0,0.03333333333333333
144,0.0,0.06666666666666667
145,0.0,0.2
146,0.0,0.26666666666666666
147,0.0,0.1
148,0.0,0.13333333333333333
149,0.0,0.13333333333333333
150,0.0,0.26666666666666666
151,0.0,0.03333333333333333
152,0.0,0.03333333333333333
153,0.0,0.0
154,0.0,0.0
155,0.0,0.0
156,0.0,0.0
157,0.0,0.0
158,0.0,0.0
159,0.0,0.0
160,0.0,0.0
161,0.0,0.0
162,0.0,0.0
163,0.0,0.0
164,0.0,0.0
165,0.0,0.0
166,0.0,0.0
167,0.0,0.0
168,0.0,0.03333333333333333
169,0.0,0.1
170,0.0,0.16666666666666666
171,0.0,0.3
172,0.0,0.13333333333333333
173,0.0,0.13333333333333333
174,0.0,0.03333333333333333
175,0.0,0.26666666666666666
176,0.0,0.13333333333333333
177,0.0,0.03333333333333333
178,0.0,0.0
179,0.0,0.0
180,0.0,0.0
181,0.0,0.0
182,0.0,0.0
183,0.0,0.0
184,0.0,0.0
185,0.0,0.0
186,0.0,0.0
187,0.0,0.0
188,0.0,0.0
189,0.0,0.0
190,0.0,0.0
191,0.0,0.0
192,0.0,0.0
193,0.0,0.0
194,0.0,0.0
195,0.0,0.0
196,0.0,0.03333333333333333
197,0.0,0.13333333333333333
198,0.0,0.3333333333333333
199,0.0,0.23333333333333334
200,0.0,0.2
201,0.0,0.06666666666666667
202,0.0,0.2
203,0.0,0.13333333333333333
204,0.0,0.03333333333333333
205,0.0,0.03333333333333333
206,0.0,0.0
207,0.0,0.0
208,0.0,0.0
209,0.0,0.0
210,0.0,0.0
211,0.0,0.0
212,0.0,0.0
213,0.0,0.0
214,0.0,0.0
215,0.0,0.0
216,0.0,0.0
217,0.0,0.0
218,0.0,0.0
219,0.0,0.0
220,0.0,0.0
221,0.0,0.0
222,0.0,0.0
223,0.0,0.0
224,0.0,0.0
225,0.0,0.0
226,0.0,0.03333333333333333
227,0.0,0.23333333333333334
228,0.0,0.3333333333333333
229,0.0,0.3
230,0.0,0.06666666666666667
231,0.0,0.2
232,0.0,0.2
233,0.0,0.1
234,0.0,0.06666666666666667
235,0.0,0.03333333333333333
236,0.0,0.0
237,0.0,0.0
238,0.0,0.0
239,0.0,0.0
240,0.0,0.0
241,0.0,0.0
242,0.0,0.0
243,0.0,0.0
244,0.0,0.0
245,0.0,0.0
246,0.0,0.0
247,0.0,0.0
248,0.0,0.0
249,0.0,0.0
250,0.0,0.0
251,0.0,0.0
252,0.0,0.0
253,0.0,0.0
254,0.0,0.0
255,0.0,0.0
256,0.0,0.0
257,0.0,0.03333333333333333
258,0.0,0.06666666666666667
259,0.0,0.2
260,0.0,0.3
261,0.0,0.13333333333333333
262,0.0,0.2
263,0.0,0.1
264,0.0,0.1
265,0.0,0.13333333333333333
266,0.0,0.03333333333333333
267,0.0,0.0
268,0.0,0.0
269,0.0,0.0
270,0.0,0.0
271,0.0,0.0
272,0.0,0.0
273,0.0,0.0
274,0.0,0.0
275,0.0,0.0
276,0.0,0.0
277,0.0,0.0
278,0.0,0.0
279,0.0,0.0
280,0.0,0.0
281,0.0,0.0
282,0.0,0.0
283,0.0,0.0
284,0.0,0.0
285,0.0,0.0
286,0.0,0.0
287,0.0,0.0
288,0.0,0.0
289,0.0,0.0
290,0.0,0.03333333333333333
291,0.0,0.1
292,0.0,0.2
293,0.0,0.3333333333333333
294,0.0,0.1
295,0.0,0.23333333333333334
296,0.0,0.1
297,0.0,0.03333333333333333
298,0.0,0.13333333333333333
299,0.0,0.06666666666666667
300,0.0,0.0
0,0.0,1.0
1,0.0,0.4
2,0.0,0.06666666666666667
3,0.0,0.6
4,0.0,0.43333333333333335
5,0.0,0.13333333333333333
6,0.0,0.03333333333333333
7,0.14285714285714285,0.0
8,0.14285714285714285,0.5
9,0.0,0.5
10,0.0,0.23333333333333334
11,0.0,0.2
12,0.0,0.03333333333333333
13,0.0,0.0
14,0.0,0.0
15,0.0,0.36666666666666664
16,0.0,0.4666666666666667
17,0.0,0.16666666666666666
18,0.0,0.2
19,0.0,0.03333333333333333
20,0.0,0.0
21,0.0,0.0
22,0.0,0.0
23,0.0,0.0
24,0.0,0.26666666666666666
25,0.0,0.5333333333333333
26,0.0,0.3333333333333333
27,0.0,0.26666666666666666
28,0.0,0.13333333333333333
29,0.0,0.03333333333333333
30,0.0,0.0
31,0.0,0.0
32,0.0,0.0
33,0.0,0.0
34,0.0,0.0
35,0.0,0.1
36,0.0,0.3333333333333333
37,0.0,0.3333333333333333
38,0.0,0.2
39,0.0,0.16666666666666666
40,0.0,0.1
41,0.0,0.03333333333333333
42,0.0,0.0
43,0.0,0.0
44,0.0,0.0
45,0.0,0.0
46,0.0,0.0
47,0.0,0.0
48,0.0,0.1
49,0.0,0.3
50,0.0,0.36666666666666664
51,0.0,0.16666666666666666
52,0.0,0.13333333333333333
53,0.0,0.06666666666666667
54,0.0,0.03333333333333333
55,0.0,0.0
56,0.0,0.0
57,0.0,0.0
58,0.0,0.0
59,0.0,0.0
60,0.0,0.0
61,0.0,0.0
62,0.0,0.0
63,0.0,0.06666666666666667
64,0.0,0.23333333333333334
65,0.0,0.36666666666666664
66,0.0,0.26666666666666666
67,0.0,0.16666666666666666
68,0.0,0.16666666666666666
69,0.0,0.13333333333333333
70,0.0,0.0
71,0.0,0.0
72,0.0,0.0
73,0.0,0.0
74,0.0,0.0
75,0.0,0.0
76,0.0,0.0
77,0.0,0.0
78,0.0,0.0
79,0.0,0.0
80,0.0,0.06666666666666667
81,0.0,0.23333333333333334
82,0.0,0.3333333333333333
83,0.0,0.3333333333333333
84,0.0,0.23333333333333334
85,0.0,0.13333333333333333
86,0.0,0.16666666666666666
87,0.0,0.0
88,0.0,0.0
89,0.0,0.0
90,0.0,0.0
91,0.0,0.0
92,0.0,0.0
93,0.0,0.0
94,0.0,0.0
95,0.0,0.0
96,0.0,0.0
97,0.0,0.0
98,0.0,0.0
99,0.0,0.03333333333333333
100,0.0,0.13333333333333333
101,0.0,0.23333333333333334
102,0.0,0.23333333333333334
103,0.0,0.23333333333333334
104,0.0,0.2
105,0.0,0.3
106,0.0,0.06666666666666667
107,0.0,0.0
108,0.0,0.0
109,0.0,0.0
110,0.0,0.0
111,0.0,0.0
112,0.0,0.0
113,0.0,0.0
114,0.0,0.0
115,0.0,0.0
116,0.0,0.0
117,0.0,0.0
118,0.0,0.0
119,0.0,0.0
120,0.0,0.03333333333333333
121,0.0,0.16666666666666666
122,0.0,0.2
123,0.0,0.16666666666666666
124,0.0,0.16666666666666666
125,0.0,0.1
126,0.0,0.3
127,0.0,0.13333333333333333
128,0.0,0.03333333333333333
129,0.0,0.0
130,0.0,0.0
131,0.0,0.0
132,0.0,0.0
133,0.0,0.0
134,0.0,0.0
135,0.0,0.0
136,0.0,0.0
137,0.0,0.0
138,0.0,0.0
139,0.0,0.0
140,0.0,0.0
141,0.0,0.0
142,0.0,0.0
143,0.0,0.0
144,0.0,0.13333333333333333
145,0.0,0.26666666666666666
146,0.0,0.23333333333333334
147,0.0,0.2
148,0.0,0.06666666666666667
149,0.0,0.23333333333333334
150,0.0,0.13333333333333333
151,0.0,0.03333333333333333
152,0.0,0.0
153,0.0,0.0
154,0.0,0.0
155,0.0,0.0
156,0.0,0.0
157,0.0,0.0
158,0.0,0.0
159,0.0,0.0
160,0.0,0.0
161,0.0,0.0
162,0.0,0.0
163,0.0,0.0
164,0.0,0.0
165,0.0,0.0
166,0.0,0.0
167,0.0,0.0
168,0.0,0.0
169,0.0,0.06666666666666667
170,0.0,0.16666666666666666
171,0.0,0.23333333333333334
172,0.0,0.23333333333333334
173,0.0,0.13333333333333333
174,0.0,0.26666666666666666
175,0.0,0.13333333333333333
176,0.0,0.03333333333333333
177,0.0,0.03333333333333333
178,0.0,0.03333333333333333
179,0.0,0.0
180,0.0,0.0
181,0.0,0.0
182,0.0,0.0
183,0.0,0.0
184,0.0,0.0
185,0.0,0.0
186,0.0,0.0
187,0.0,0.0
188,0.0,0.0
189,0.0,0.0
190,0.0,0.0
191,0.0,0.0
192,0.0,0.0
193,0.0,0.0
194,0.0,0.0
195,0.0,0.0
196,0.0,0.06666666666666667
197,0.0,0.1
198,0.0,0.16666666666666666
199,0.0,0.2
200,0.0,0.06666666666666667
201,0.0,0.26666666666666666
202,0.0,0.23333333333333334
203,0.0,0.0
204,0.0,0.0
205,0.0,0.03333333333333333
206,0.0,0.0
207,0.0,0.0
208,0.0,0.0
209,0.0,0.0
210,0.0,0.0
211,0.0,0.0
212,0.0,0.0
213,0.0,0.0
214,0.0,0.0
215,0.0,0.0
216,0.0,0.0
217,0.0,0.0
218,0.0,0.0
219,0.0,0.0
220,0.0,0.0
221,0.0,0.0
222,0.0,0.0
223,0.0,0.0
224,0.0,0.0
225,0.0,0.06666666666666667
226,0.0,0.16666666666666666
227,0.0,0.16666666666666666
228,0.0,0.23333333333333334
229,0.0,0.13333333333333333
230,0.0,0.23333333333333334
231,0.0,0.23333333333333334
232,0.0,0.06666666666666667
233,0.0,0.0
234,0.0,0.03333333333333333
235,0.0,0.03333333333333333
236,0.0,0.0
237,0.0,0.0
238,0.0,0.0
239,0.0,0.0
240,0.0,0.0
241,0.0,0.0
242,0.0,0.0
243,0.0,0.0
244,0.0,0.0
245,0.0,0.0
246,0.0,0.0
247,0.0,0.0
248,0.0,0.0
249,0.0,0.0
250,0.0,0.0
251,0.0,0.0
252,0.0,0.0
253,0.0,0.0
254,0.0,0.0
255,0.0,0.0
256,0.0,0.0
257,0.0,0.13333333333333333
258,0.0,0.2
259,0.0,0.2
260,0.0,0.06666666666666667
261,0.0,0.3
262,0.0,0.23333333333333334
263,0.0,0.13333333333333333
264,0.0,0.0
265,0.0,0.0
266,0.0,0.03333333333333333
267,0.0,0.0
268,0.0,0.0
269,0.0,0.0
270,0.0,0.0
271,0.0,0.0
272,0.0,0.0
273,0.0,0.0
274,0.0,0.0
275,0.0,0.0
276,0.0,0.0
277,0.0,0.0
278,0.0,0.0
279,0.0,0.0
280,0.0,0.0
281,0.0,0.0
282,0.0,0.0
283,0.0,0.0
284,0.0,0.0
285,0.0,0.0
286,0.0,0.0
287,0.0,0.0
288,0.0,0.0
289,0.0,0.0
290,0.0,0.06666666666666667
291,0.0,0.16666666666666666
292,0.0,0.3
293,0.0,0.1
294,0.0,0.23333333333333334
295,0.0,0.26666666666666666
296,0.0,0.13333333333333333
297,0.0,0.0
298,0.0,0.0
299,0.0,0.03333333333333333
300,0.0,0.0
0,0.0,1.0
1,0.0,0.23333333333333334
2,0.0,0.03333333333333333
3,0.0,0.7666666666666667
4,0.0,0.5333333333333333
5,0.0,0.2
6,0.0,0.03333333333333333
7,0.0,0.03333333333333333
8,0.0,0.43333333333333335
9,0.0,0.43333333333333335
10,0.0,0.23333333333333334
11,0.0,0.06666666666666667
12,0.0,0.03333333333333333
13,0.0,0.03333333333333333
14,0.0,0.0
15,0.0,0.36666666666666664
16,0.0,0.4666666666666667
17,0.0,0.23333333333333334
18,0.0,0.13333333333333333
19,0.0,0.06666666666666667
20,0.0,0.06666666666666667
21,0.0,0.03333333333333333
22,0.0,0.0
23,0.0,0.0
24,0.0,0.26666666666666666
25,0.0,0.43333333333333335
26,0.0,0.23333333333333334
27,0.0,0.1
28,0.0,0.03333333333333333
29,0.0,0.03333333333333333
30,0.0,0.06666666666666667
31,0.0,0.03333333333333333
32,0.0,0.0
33,0.0,0.0
34,0.0,0.0
35,0.0,0.23333333333333334
36,0.0,0.4666666666666667
37,0.0,0.3
38,0.0,0.16666666666666666
39,0.0,0.1
40,0.0,0.03333333333333333
41,0.0,0.03333333333333333
42,0.0,0.03333333333333333
43,0.0,0.03333333333333333
44,0.0,0.0
45,0.0,0.0
46,0.0,0.0
47,0.0,0.0
48,0.0,0.13333333333333333
49,0.0,0.4
50,0.0,0.36666666666666664
51,0.0,0.23333333333333334
52,0.0,0.1
53,0.0,0.03333333333333333
54,0.0,0.03333333333333333
55,0.0,0.0
56,0.0,0.03333333333333333
57,0.0,0.0
58,0.0,0.0
59,0.0,0.0
60,0.0,0.0
61,0.0,0.0
62,0.0,0.0
63,0.0,0.1
64,0.0,0.26666666666666666
65,0.0,0.3
66,0.0,0.23333333333333334
67,0.0,0.1
68,0.0,0.03333333333333333
69,0.0,0.03333333333333333
70,0.0,0.0
71,0.0,0.03333333333333333
72,0.0,0.0
73,0.0,0.0
74,0.0,0.0
75,0.0,0.0
76,0.0,0.0
77,0.0,0.0
78,0.0,0.0
79,0.0,0.0
80,0.0,0.1
81,0.0,0.26666666666666666
82,0.0,0.36666666666666664
83,0.0,0.3
84,0.0,0.1
85,0.0,0.03333333333333333
86,0.0,0.03333333333333333
87,0.0,0.0
88,0.0,0.03333333333333333
89,0.0,0.03333333333333333
90,0.0,0.0
91,0.0,0.0
92,0.0,0.0
93,0.0,0.0
94,0.0,0.0
95,0.0,0.0
96,0.0,0.0
97,0.0,0.0
98,0.0,0.0
99,0.0,0.03333333333333333
100,0.0,0.16666666666666666
101,0.0,0.4
102,0.0,0.3333333333333333
103,0.0,0.1
104,0.0,0.1
105,0.0,0.06666666666666667
106,0.0,0.03333333333333333
107,0.0,0.0
108,0.0,0.03333333333333333
109,0.0,0.0
110,0.0,0.0
111,0.0,0.0
112,0.0,0.0
113,0.0,0.0
114,0.0,0.0
115,0.0,0.0
116,0.0,0.0
117,0.0,0.0
118,0.0,0.0
119,0.0,0.0
120,0.0,0.03333333333333333
121,0.0,0.1
122,0.0,0.36666666666666664
123,0.0,0.4
124,0.0,0.2
125,0.0,0.13333333333333333
126,0.0,0.13333333333333333
127,0.0,0.06666666666666667
128,0.0,0.0
129,0.0,0.03333333333333333
130,0.0,0.0
131,0.0,0.0
132,0.0,0.0
133,0.0,0.0
134,0.0,0.0
135,0.0,0.0
136,0.0,0.0
137,0.0,0.0
138,0.0,0.0
139,0.0,0.0
140,0.0,0.0
141,0.0,0.0
142,0.0,0.0
143,0.0,0.0
144,0.0,0.1
145,0.0,0.3
146,0.0,0.26666666666666666
147,0.0,0.16666666666666666
148,0.0,0.03333333333333333
149,0.0,0.1
150,0.0,0.1
151,0.0,0.0
152,0.0,0.03333333333333333
153,0.0,0.03333333333333333
154,0.0,0.0
155,0.0,0.0
156,0.0,0.0
157,0.0,0.0
158,0.0,0.0
159,0.0,0.0
160,0.0,0.0
161,0.0,0.0
162,0.0,0.0
163,0.0,0.0
164,0.0,0.0
165,0.0,0.0
166,0.0,0.0
167,0.0,0.0
168,0.0,0.0
169,0.0,0.1
170,0.0,0.26666666666666666
171,0.0,0.36666666666666664
172,0.0,0.3
173,0.0,0.13333333333333333
174,0.0,0.13333333333333333
175,0.0,0.16666666666666666
176,0.0,0.03333333333333333
177,0.0,0.03333333333333333
178,0.0,0.03333333333333333
179,0.0,0.0
180,0.0,0.0
181,0.0,0.0
182,0.0,0.0
183,0.0,0.0
184,0.0,0.0
185,0.0,0.0
186,0.0,0.0
187,0.0,0.0
188,0.0,0.0
189,0.0,0.0
190,0.0,0.0
191,0.0,0.0
192,0.0,0.0
193,0.0,0.0
194,0.0,0.0
195,0.0,0.0
196,0.0,0.1
197,0.0,0.13333333333333333
198,0.0,0.26666666666666666
199,0.0,0.26666666666666666
200,0.0,0.06666666666666667
201,0.0,0.1
202,0.0,0.13333333333333333
203,0.0,0.03333333333333333
204,0.0,0.03333333333333333
205,0.0,0.03333333333333333
206,0.0,0.03333333333333333
207,0.0,0.03333333333333333
208,0.0,0.0
209,0.0,0.0
210,0.0,0.0
211,0.0,0.0
212,0.0,0.0
213,0.0,0.0
214,0.0,0.0
215,0.0,0.0
216,0.0,0.0
217,0.0,0.0
218,0.0,0.0
219,0.0,0.0
220,0.0,0.0
221,0.0,0.0
222,0.0,0.0
223,0.0,0.0
224,0.0,0.0
225,0.0,0.1
226,0.0,0.1
227,0.0,0.23333333333333334
228,0.0,0.3333333333333333
229,0.0,0.13333333333333333
230,0.0,0.1
231,0.0,0.1
232,0.0,0.06666666666666667
233,0.0,0.06666666666666667
234,0.0,0.0
235,0.0,0.0
236,0.0,0.03333333333333333
237,0.0,0.0
238,0.0,0.0
239,0.0,0.0
240,0.0,0.0
241,0.0,0.0
242,0.0,0.0
243,0.0,0.0
244,0.0,0.0
245,0.0,0.0
246,0.0,0.0
247,0.0,0.0
248,0.0,0.0
249,0.0,0.0
250,0.0,0.0
251,0.0,0.0
252,0.0,0.0
253,0.0,0.0
254,0.0,0.0
255,0.0,0.0
256,0.0,0.1
257,0.0,0.1
258,0.0,0.2
259,0.0,0.36666666666666664
260,0.0,0.16666666666666666
261,0.0,0.13333333333333333
262,0.0,0.1
263,0.0,0.03333333333333333
264,0.0,0.06666666666666667
265,0.0,0.03333333333333333
266,0.0,0.0
267,0.0,0.03333333333333333
268,0.0,0.03333333333333333
269,0.0,0.0
270,0.0,0.0
271,0.0,0.0
272,0.0,0.0
273,0.0,0.0
274,0.0,0.0
275,0.0,0.0
276,0.0,0.0
277,0.0,0.0
278,0.0,0.0
279,0.0,0.0
280,0.0,0.0
281,0.0,0.0
282,0.0,0.0
283,0.0,0.0
284,0.0,0.0
285,0.0,0.0
286,0.0,0.0
287,0.0,0.0
288,0.0,0.0
289,0.0,0.06666666666666667
290,0.0,0.06666666666666667
291,0.0,0.06666666666666667
292,0.0,0.3333333333333333
293,0.0,0.23333333333333334
294,0.0,0.13333333333333333
295,0.0,0.1
296,0.0,0.03333333333333333
297,0.0,0.03333333333333333
298,0.0,0.03333333333333333
299,0.0,0.0
300,0.0,0.0
0,0.0,1.0
1,0.0,0.23333333333333334
2,0.0,0.06666666666666667
3,0.0,0.7666666666666667
4,0.0,0.3333333333333333
5,0.0,0.06666666666666667
6,0.0,0.03333333333333333
7,0.0,0.0
8,0.0,0.6
9,0.0,0.4666666666666667
10,0.0,0.13333333333333333
11,0.0,0.1
12,0.0,0.03333333333333333
13,0.0,0.0
14,0.0,0.0
15,0.0,0.4666666666666667
16,0.0,0.4666666666666667
17,0.0,0.13333333333333333
18,0.0,0.1
19,0.0,0.1
20,0.0,0.06666666666666667
21,0.0,0.0
22,0.0,0.0
23,0.0,0.0
24,0.0,0.36666666666666664
25,0.0,0.43333333333333335
26,0.0,0.2
27,0.0,0.06666666666666667
28,0.0,0.03333333333333333
29,0.0,0.06666666666666667
30,0.0,0.0
31,0.0,0.0
32,0.0,0.0
33,0.0,0.0
34,0.0,0.0
35,0.0,0.3333333333333333
36,0.0,0.36666666666666664
37,0.0,0.3
38,0.0,0.1
39,0.0,0.06666666666666667
40,0.0,0.1
41,0.0,0.0
42,0.0,0.0
43,0.0,0.0
44,0.0,0.0
45,0.0,0.0
46,0.0,0.0
47,0.0,0.0
48,0.0,0.3
49,0.0,0.3
50,0.0,0.3
51,0.0,0.06666666666666667
52,0.0,0.03333333333333333
53,0.0,0.1
54,0.0,0.0
55,0.0,0.0
56,0.0,0.0
57,0.0,0.0
58,0.0,0.0
59,0.0,0.0
60,0.0,0.0
61,0.0,0.0
62,0.0,0.0
63,0.0,0.23333333333333334
64,0.0,0.3333333333333333
65,0.0,0.4
66,0.0,0.1
67,0.0,0.03333333333333333
68,0.0,0.13333333333333333
69,0.0,0.03333333333333333
70,0.0,0.0
71,0.0,0.0
72,0.0,0.0
73,0.0,0.0
74,0.0,0.0
75,0.0,0.0
76,0.0,0.0
77,0.0,0.0
78,0.0,0.0
79,0.0,0.0
80,0.0,0.16666666666666666
81,0.0,0.3333333333333333
82,0.0,0.4
83,0.0,0.2
84,0.0,0.03333333333333333
85,0.0,0.1
86,0.0,0.06666666666666667
87,0.0,0.0
88,0.0,0.0
89,0.0,0.0
90,0.0,0.0
91,0.0,0.0
92,0.0,0.0
93,0.0,0.0
94,0.0,0.0
95,0.0,0.0
96,0.0,0.0
97,0.0,0.0
98,0.0,0.0
99,0.0,0.06666666666666667
100,0.0,0.3333333333333333
101,0.0,0.3333333333333333
102,0.0,0.36666666666666664
103,0.0,0.23333333333333334
104,0.0,0.06666666666666667
105,0.0,0.06666666666666667
106,0.0,0.0
107,0.0,0.0
108,0.0,0.0
109,0.0,0.0
110,0.0,0.0
111,0.0,0.0
112,0.0,0.0
113,0.0,0.0
114,0.0,0.0
115,0.0,0.0
116,0.0,0.0
117,0.0,0.0
118,0.0,0.0
119,0.0,0.0
120,0.0,0.03333333333333333
121,0.0,0.3333333333333333
122,0.0,0.16666666666666666
123,0.0,0.2
124,0.0,0.23333333333333334
125,0.0,0.16666666666666666
126,0.0,0.06666666666666667
127,0.0,0.0
128,0.0,0.0
129,0.0,0.0
130,0.0,0.0
131,0.0,0.0
132,0.0,0.0
133,0.0,0.0
134,0.0,0.0
135,0.0,0.0
136,0.0,0.0
137,0.0,0.0
138,0.0,0.0
139,0.0,0.0
140,0.0,0.0
141,0.0,0.0
142,0.0,0.0
143,0.0,0.0
144,0.0,0.3
145,0.0,0.2
146,0.0,0.23333333333333334
147,0.0,0.16666666666666666
148,0.0,0.2
149,0.0,0.1
150,0.0,0.03333333333333333
151,0.0,0.03333333333333333
152,0.0,0.0
153,0.0,0.0
154,0.0,0.0
155,0.0,0.0
156,0.0,0.0
157,0.0,0.0
158,0.0,0.0
159,0.0,0.0
160,0.0,0.0
161,0.0,0.0
162,0.0,0.0
163,0.0,0.0
164,0.0,0.0
165,0.0,0.0
166,0.0,0.0
167,0.0,0.0
168,0.0,0.0
169,0.0,0.23333333333333334
170,0.0,0.23333333333333334
171,0.0,0.36666666666666664
172,0.0,0.3
173,0.0,0.2
174,0.0,0.06666666666666667
175,0.0,0.0
176,0.0,0.03333333333333333
177,0.0,0.0
178,0.0,0.0
179,0.0,0.0
180,0.0,0.0
181,0.0,0.0
182,0.0,0.0
183,0.0,0.0
184,0.0,0.0
185,0.0,0.0
186,0.0,0.0
187,0.0,0.0
188,0.0,0.0
189,0.0,0.0
190,0.0,0.0
191,0.0,0.0
192,0.0,0.0
193,0.0,0.0
194,0.0,0.0
195,0.0,0.0
196,0.0,0.16666666666666666
197,0.0,0.06666666666666667
198,0.0,0.26666666666666666
199,0.0,0.4
200,0.0,0.3
201,0.0,0.1
202,0.0,0.0
203,0.0,0.03333333333333333
204,0.0,0.0
205,0.0,0.0
206,0.0,0.0
207,0.0,0.0
208,0.0,0.0
209,0.0,0.0
210,0.0,0.0
211,0.0,0.0
212,0.0,0.0
213,0.0,0.0
214,0.0,0.0
215,0.0,0.0
216,0.0,0.0
217,0.0,0.0
218,0.0,0.0
219,0.0,0.0
220,0.0,0.0
221,0.0,0.0
222,0.0,0.0
223,0.0,0.0
224,0.0,0.0
225,0.0,0.16666666666666666
226,0.0,0.03333333333333333
227,0.0,0.13333333333333333
228,0.0,0.3
229,0.0,0.3333333333333333
230,0.0,0.13333333333333333
231,0.0,0.03333333333333333
232,0.0,0.03333333333333333
233,0.0,0.0
234,0.0,0.0
235,0.0,0.0
236,0.0,0.0
237,0.0,0.0
238,0.0,0.0
239,0.0,0.0
240,0.0,0.0
241,0.0,0.0
242,0.0,0.0
243,0.0,0.0
244,0.0,0.0
245,0.0,0.0
246,0.0,0.0
247,0.0,0.0
248,0.0,0.0
249,0.0,0.0
250,0.0,0.0
251,0.0,0.0
252,0.0,0.0
253,0.0,0.0
254,0.0,0.0
255,0.0,0.0
256,0.0,0.13333333333333333
257,0.0,0.03333333333333333
258,0.0,0.13333333333333333
259,0.0,0.23333333333333334
260,0.0,0.3333333333333333
261,0.0,0.2
262,0.0,0.1
263,0.0,0.03333333333333333
264,0.0,0.0
265,0.0,0.0
266,0.0,0.0
267,0.0,0.0
268,0.0,0.0
269,0.0,0.0
270,0.0,0.0
271,0.0,0.0
272,0.0,0.0
273,0.0,0.0
274,0.0,0.0
275,0.0,0.0
276,0.0,0.0
277,0.0,0.0
278,0.0,0.0
279,0.0,0.0
280,0.0,0.0
281,0.0,0.0
282,0.0,0.0
283,0.0,0.0
284,0.0,0.0
285,0.0,0.0
286,0.0,0.0
287,0.0,0.0
288,0.0,0.0
289,0.0,0.13333333333333333
290,0.0,0.1
291,0.0,0.16666666666666666
292,0.0,0.3333333333333333
293,0.0,0.3333333333333333
294,0.0,0.23333333333333334
295,0.0,0.2
296,0.0,0.03333333333333333
297,0.0,0.0
298,0.0,0.0
299,0.0,0.0
300,0.0,0.0
0,0.0,1.0
1,0.0,0.3333333333333333
2,0.0,0.13333333333333333
3,0.0,0.6666666666666666
4,0.0,0.3333333333333333
5,0.0,0.2
6,0.0,0.13333333333333333
7,0.0,0.06666666666666667
8,0.0,0.5666666666666667
9,0.0,0.3333333333333333
10,0.0,0.16666666666666666
11,0.0,0.13333333333333333
12,0.0,0.06666666666666667
13,0.0,0.03333333333333333
14,0.0,0.03333333333333333
15,0.0,0.5333333333333333
16,0.0,0.36666666666666664
17,0.0,0.23333333333333334
18,0.0,0.16666666666666666
19,0.0,0.06666666666666667
20,0.0,0.03333333333333333
21,0.0,0.0
22,0.0,0.03333333333333333
23,0.0,0.0
24,0.0,0.3333333333333333
25,0.0,0.3333333333333333
26,0.0,0.23333333333333334
27,0.0,0.16666666666666666
28,0.0,0.06666666666666667
29,0.0,0.06666666666666667
30,0.0,0.0
31,0.0,0.03333333333333333
32,0.0,0.03333333333333333
33,0.0,0.0
34,0.0,0.0
35,0.0,0.23333333333333334
36,0.0,0.3333333333333333
37,0.0,0.3333333333333333
38,0.0,0.23333333333333334
39,0.0,0.1
40,0.0,0.06666666666666667
41,0.0,0.06666666666666667
42,0.0,0.0
43,0.0,0.03333333333333333
44,0.0,0.0
45,0.0,0.0
46,0.0,0.0
47,0.0,0.0
48,0.0,0.16666666666666666
49,0.0,0.26666666666666666
50,0.0,0.3
51,0.0,0.16666666666666666
52,0.0,0.16666666666666666
53,0.0,0.0
54,0.0,0.06666666666666667
55,0.0,0.0
56,0.0,0.03333333333333333
57,0.0,0.0
58,0.0,0.0
59,0.0,0.0
60,0.0,0.0
61,0.0,0.0
62,0.0,0.0
63,0.0,0.1
64,0.0,0.23333333333333334
65,0.0,0.4
66,0.0,0.3333333333333333
67,0.0,0.23333333333333334
68,0.0,0.03333333333333333
69,0.0,0.06666666666666667
70,0.0,0.06666666666666667
71,0.0,0.03333333333333333
72,0.0,0.0
73,0.0,0.0
74,0.0,0.0
75,0.0,0.0
76,0.0,0.0
77,0.0,0.0
78,0.0,0.0
79,0.0,0.0
80,0.0,0.1
81,0.0,0.13333333333333333
82,0.0,0.23333333333333334
83,0.0,0.3
84,0.0,0.26666666666666666
85,0.0,0.13333333333333333
86,0.0,0.03333333333333333
87,0.0,0.1
88,0.0,0.03333333333333333
89,0.0,0.0
90,0.0,0.0
91,0.0,0.0
92,0.0,0.0
93,0.0,0.0
94,0.0,0.0
95,0.0,0.0
96,0.0,0.0
97,0.0,0.0
98,0.0,0.0
99,0.0,0.1
100,0.0,0.06666666666666667
101,0.0,0.2
102,0.0,0.3333333333333333
103,0.0,0.2
104,0.0,0.2
105,0.0,0.0
106,0.0,0.1
107,0.0,0.06666666666666667
108,0.0,0.0
109,0.0,0.0
110,0.0,0.0
111,0.0,0.0
112,0.0,0.0
113,0.0,0.0
114,0.0,0.0
115,0.0,0.0
116,0.0,0.0
117,0.0,0.0
118,0.0,0.0
119,0.0,0.0
120,0.0,0.1
121,0.0,0.1
122,0.0,0.13333333333333333
123,0.0,0.36666666666666664
124,0.0,0.23333333333333334
125,0.0,0.26666666666666666
126,0.0,0.06666666666666667
127,0.0,0.06666666666666667
128,0.0,0.1
129,0.0,0.03333333333333333
130,0.0,0.0
131,0.0,0.0
132,0.0,0.0
133,0.0,0.0
134,0.0,0.0
135,0.0,0.0
136,0.0,0.0
137,0.0,0.0
138,0.0,0.0
139,0.0,0.0
140,0.0,0.0
141,0.0,0.0
142,0.0,0.0
143,0.0,0.06666666666666667
144,0.0,0.1
145,0.0,0.06666666666666667
146,0.0,0.26666666666666666
147,0.0,0.26666666666666666
148,0.0,0.26666666666666666
149,0.0,0.06666666666666667
150,0.0,0.03333333333333333
151,0.0,0.06666666666666667
152,0.0,0.06666666666666667
153,0.0,0.03333333333333333
154,0.0,0.0
155,0.0,0.0
156,0.0,0.0
157,0.0,0.0
158,0.0,0.0
159,0.0,0.0
160,0.0,0.0
161,0.0,0.0
162,0.0,0.0
163,0.0,0.0
164,0.0,0.0
165,0.0,0.0
166,0.0,0.0
167,0.0,0.0
168,0.0,0.03333333333333333
169,0.0,0.1
170,0.0,0.1
171,0.0,0.2
172,0.0,0.26666666666666666
173,0.0,0.36666666666666664
174,0.0,0.16666666666666666
175,0.0,0.06666666666666667
176,0.0,0.03333333333333333
177,0.0,0.03333333333333333
178,0.0,0.03333333333333333
179,0.0,0.03333333333333333
180,0.0,0.0
181,0.0,0.0
182,0.0,0.0
183,0.0,0.0
184,0.0,0.0
185,0.0,0.0
186,0.0,0.0
187,0.0,0.0
188,0.0,0.0
189,0.0,0.0
190,0.0,0.0
191,0.0,0.0
192,0.0,0.0
193,0.0,0.0
194,0.0,0.0
195,0.0,0.03333333333333333
196,0.0,0.03333333333333333
197,0.0,0.06666666666666667
198,0.0,0.13333333333333333
199,0.0,0.2
200,0.0,0.3
201,0.0,0.13333333333333333
202,0.0,0.1
203,0.0,0.06666666666666667
204,0.0,0.06666666666666667
205,0.0,0.0
206,0.0,0.03333333333333333
207,0.0,0.0
208,0.0,0.0
209,0.0,0.0
210,0.0,0.0
211,0.0,0.0
212,0.0,0.0
213,0.0,0.0
214,0.0,0.0
215,0.0,0.0
216,0.0,0.0
217,0.0,0.0
218,0.0,0.0
219,0.0,0.0
220,0.0,0.0
221,0.0,0.0
222,0.0,0.0
223,0.0,0.0
224,0.0,0.03333333333333333
225,0.0,0.03333333333333333
226,0.0,0.06666666666666667
227,0.0,0.13333333333333333
228,0.0,0.2
229,0.0,0.4
230,0.0,0.13333333333333333
231,0.0,0.1
232,0.0,0.06666666666666667
233,0.0,0.1
234,0.0,0.03333333333333333
235,0.0,0.03333333333333333
236,0.0,0.0
237,0.0,0.0
238,0.0,0.0
239,0.0,0.0
240,0.0,0.0
241,0.0,0.0
242,0.0,0.0
243,0.0,0.0
244,0.0,0.0
245,0.0,0.0
246,0.0,0.0
247,0.0,0.0
248,0.0,0.0
249,0.0,0.0
250,0.0,0.0
251,0.0,0.0
252,0.0,0.0
253,0.0,0.0
254,0.0,0.0
255,0.0,0.03333333333333333
256,0.0,0.03333333333333333
257,0.0,0.03333333333333333
258,0.0,0.1
259,0.0,0.13333333333333333
260,0.0,0.4
261,0.0,0.13333333333333333
262,0.0,0.13333333333333333
263,0.0,0.03333333333333333
264,0.0,0.1
265,0.0,0.1
266,0.0,0.03333333333333333
267,0.0,0.0
268,0.0,0.0
269,0.0,0.0
270,0.0,0.0
271,0.0,0.0
272,0.0,0.0
273,0.0,0.0
274,0.0,0.0
275,0.0,0.0
276,0.0,0.0
277,0.0,0.0
278,0.0,0.0
279,0.0,0.0
280,0.0,0.0
281,0.0,0.0
282,0.0,0.0
283,0.0,0.0
284,0.0,0.0
285,0.0,0.0
286,0.0,0.0
287,0.0,0.0
288,0.0,0.03333333333333333
289,0.0,0.03333333333333333
290,0.0,0.03333333333333333
291,0.0,0.06666666666666667
292,0.0,0.1
293,0.0,0.4
294,0.0,0.3
295,0.0,0.2
296,0.0,0.03333333333333333
297,0.0,0.03333333333333333
298,0.0,0.1
299,0.0,0.1
300,0.0,0.03333333333333333
0,0.0,1.0
1,0.0,0.16666666666666666
2,0.0,0.0
3,0.21428571428571427,0.8333333333333334
4,0.21428571428571427,0.23333333333333334
5,0.0,0.1
6,0.0,0.0
7,0.0,0.0
8,0.12857142857142856,0.7666666666666667
9,0.12857142857142856,0.3
10,0.07142857142857142,0.13333333333333333
11,0.07142857142857142,0.03333333333333333
12,0.0,0.03333333333333333
13,0.0,0.0
14,0.0,0.0
15,0.0,0.6
16,0.0,0.36666666666666664
17,0.0,0.2
18,0.0,0.1
19,0.0,0.03333333333333333
20,0.0,0.03333333333333333
21,0.0,0.0
22,0.0,0.0
23,0.0,0.0
24,0.0,0.5
25,0.0,0.4
26,0.0,0.13333333333333333
27,0.0,0.16666666666666666
28,0.0,0.0
29,0.0,0.03333333333333333
30,0.0,0.0
31,0.0,0.0
32,0.0,0.0
33,0.0,0.0
34,0.0,0.0
35,0.0,0.36666666666666664
36,0.0,0.5
37,0.0,0.16666666666666666
38,0.0,0.16666666666666666
39,0.0,0.03333333333333333
40,0.0,0.03333333333333333
41,0.0,0.0
42,0.0,0.0
43,0.0,0.0
44,0.0,0.0
45,0.0,0.0
46,0.0,0.0
47,0.0,0.0
48,0.0,0.23333333333333334
49,0.0,0.4666666666666667
50,0.0,0.26666666666666666
51,0.0,0.23333333333333334
52,0.0,0.03333333333333333
53,0.0,0.06666666666666667
54,0.0,0.03333333333333333
55,0.0,0.0
56,0.0,0.0
57,0.0,0.0
58,0.0,0.0
59,0.0,0.0
60,0.0,0.0
61,0.0,0.0
62,0.0,0.0
63,0.0,0.16666666666666666
64,0.0,0.36666666666666664
65,0.0,0.2
66,0.0,0.26666666666666666
67,0.0,0.1
68,0.0,0.1
69,0.0,0.06666666666666667
70,0.0,0.03333333333333333
71,0.0,0.0
72,0.0,0.0
73,0.0,0.0
74,0.0,0.0
75,0.0,0.0
76,0.0,0.0
77,0.0,0.0
78,0.0,0.0
79,0.0,0.0
80,0.0,0.16666666666666666
81,0.0,0.36666666666666664
82,0.0,0.3
83,0.0,0.26666666666666666
84,0.0,0.1
85,0.0,0.1
86,0.0,0.03333333333333333
87,0.0,0.06666666666666667
88,0.0,0.0
89,0.0,0.0
90,0.0,0.0
91,0.0,0.0
92,0.0,0.0
93,0.0,0.0
94,0.0,0.0
95,0.0,0.0
96,0.0,0.0
97,0.0,0.0
98,0.0,0.0
99,0.0,0.13333333333333333
100,0.0,0.26666666666666666
101,0.0,0.23333333333333334
102,0.0,0.26666666666666666
103,0.0,0.1
104,0.0,0.13333333333333333
105,0.0,0.03333333333333333
106,0.0,0.06666666666666667
107,0.0,0.0
108,0.0,0.0
109,0.0,0.0
110,0.0,0.0
111,0.0,0.0
112,0.0,0.0
113,0.0,0.0
114,0.0,0.0
115,0.0,0.0
116,0.0,0.0
117,0.0,0.0
118,0.0,0.0
119,0.0,0.0
120,0.0,0.1
121,0.0,0.3
122,0.0,0.2
123,0.0,0.23333333333333334
124,0.0,0.1
125,0.0,0.13333333333333333
126,0.0,0.03333333333333333
127,0.0,0.06666666666666667
128,0.0,0.06666666666666667
129,0.0,0.03333333333333333
130,0.0,0.0
131,0.0,0.0
132,0.0,0.0
133,0.0,0.0
134,0.0,0.0
135,0.0,0.0
136,0.0,0.0
137,0.0,0.0
138,0.0,0.0
139,0.0,0.0
140,0.0,0.0
141,0.0,0.0
142,0.0,0.0
143,0.0,0.03333333333333333
144,0.0,0.26666666666666666
145,0.0,0.3
146,0.0,0.3
147,0.0,0.13333333333333333
148,0.0,0.2
149,0.0,0.03333333333333333
150,0.0,0.0
151,0.0,0.03333333333333333
152,0.0,0.06666666666666667
153,0.0,0.03333333333333333
154,0.0,0.03333333333333333
155,0.0,0.0
156,0.0,0.0
157,0.0,0.0
158,0.0,0.0
159,0.0,0.0
160,0.0,0.0
161,0.0,0.0
162,0.0,0.0
163,0.0,0.0
164,0.0,0.0
165,0.0,0.0
166,0.0,0.0
167,0.0,0.0
168,0.0,0.03333333333333333
169,0.0,0.16666666666666666
170,0.0,0.26666666666666666
171,0.0,0.3333333333333333
172,0.0,0.2
173,0.0,0.3
174,0.0,0.06666666666666667
175,0.0,0.0
176,0.0,0.0
177,0.0,0.03333333333333333
178,0.0,0.0
179,0.0,0.03333333333333333
180,0.0,0.0
181,0.0,0.0
182,0.0,0.0
183,0.0,0.0
184,0.0,0.0
185,0.0,0.0
186,0.0,0.0
187,0.0,0.0
188,0.0,0.0
189,0.0,0.0
190,0.0,0.0
191,0.0,0.0
192,0.0,0.0
193,0.0,0.0
194,0.0,0.0
195,0.0,0.03333333333333333
196,0.0,0.13333333333333333
197,0.0,0.2
198,0.0,0.23333333333333334
199,0.0,0.23333333333333334
200,0.0,0.36666666666666664
201,0.0,0.2
202,0.0,0.03333333333333333
203,0.0,0.0
204,0.0,0.03333333333333333
205,0.0,0.0
206,0.0,0.03333333333333333
207,0.0,0.0
208,0.0,0.0
209,0.0,0.0
210,0.0,0.0
211,0.0,0.0
212,0.0,0.0
213,0.0,0.0
214,0.0,0.0
215,0.0,0.0
216,0.0,0.0
217,0.0,0.0
218,0.0,0.0
219,0.0,0.0
220,0.0,0.0
221,0.0,0.0
222,0.0,0.0
223,0.0,0.0
224,0.0,0.0
225,0.0,0.1
226,0.0,0.23333333333333334
227,0.0,0.1
228,0.0,0.16666666666666666
229,0.0,0.3
230,0.0,0.23333333333333334
231,0.0,0.1
232,0.0,0.03333333333333333
233,0.0,0.03333333333333333
234,0.0,0.0
235,0.0,0.03333333333333333
236,0.0,0.0
237,0.0,0.0
238,0.0,0.0
239,0.0,0.0
240,0.0,0.0
241,0.0,0.0
242,0.0,0.0
243,0.0,0.0
244,0.0,0.0
245,0.0,0.0
246,0.0,0.0
247,0.0,0.0
248,0.0,0.0
249,0.0,0.0
250,0.0,0.0
251,0.0,0.0
252,0.0,0.0
253,0.0,0.0
254,0.0,0.0
255,0.0,0.0
256,0.0,0.03333333333333333
257,0.0,0.23333333333333334
258,0.0,0.16666666666666666
259,0.0,0.13333333333333333
260,0.0,0.26666666666666666
261,0.0,0.3
262,0.0,0.13333333333333333
263,0.0,0.03333333333333333
264,0.0,0.03333333333333333
265,0.0,0.0
266,0.0,0.03333333333333333
267,0.0,0.0
268,0.0,0.0
269,0.0,0.0
270,0.0,0.0
271,0.0,0.0
272,0.0,0.0
273,0.0,0.0
274,0.0,0.0
275,0.0,0.0
276,0.0,0.0
277,0.0,0.0
278,0.0,0.0
279,0.0,0.0
280,0.0,0.0
281,0.0,0.0
282,0.0,0.0
283,0.0,0.0
284,0.0,0.0
285,0.0,0.0
286,0.0,0.0
287,0.0,0.0
288,0.0,0.0
289,0.0,0.03333333333333333
290,0.0,0.16666666666666666
291,0.0,0.2
292,0.0,0.2
293,0.0,0.2
294,0.0,0.23333333333333334
295,0.0,0.16666666666666666
296,0.0,0.06666666666666667
297,0.0,0.06666666666666667
298,0.0,0.03333333333333333
299,0.0,0.06666666666666667
300,0.0,0.06666666666666667
0,0.0,1.0
1,0.0,0.3333333333333333
2,0.0,0.1
3,0.0,0.7
4,0.0,0.4
5,0.0,0.1
6,0.0,0.03333333333333333
7,0.0,0.0
8,0.0,0.5
9,0.0,0.4666666666666667
10,0.0,0.2
11,0.0,0.03333333333333333
12,0.0,0.0
13,0.0,0.0
14,0.0,0.0
15,0.0,0.4
16,0.0,0.5
17,0.0,0.26666666666666666
18,0.0,0.06666666666666667
19,0.0,0.0
20,0.0,0.0
21,0.0,0.0
22,0.0,0.0
23,0.0,0.0
24,0.0,0.26666666666666666
25,0.0,0.5333333333333333
26,0.0,0.26666666666666666
27,0.0,0.06666666666666667
28,0.0,0.0
29,0.0,0.0
30,0.0,0.0
31,0.0,0.0
32,0.0,0.0
33,0.0,0.0
34,0.0,0.0
35,0.0,0.16666666666666666
36,0.0,0.5333333333333333
37,0.0,0.4
38,0.0,0.1
39,0.0,0.03333333333333333
40,0.0,0.03333333333333333
41,0.0,0.0
42,0.0,0.0
43,0.0,0.0
44,0.0,0.0
45,0.0,0.0
46,0.0,0.0
47,0.0,0.0
48,0.0,0.13333333333333333
49,0.0,0.43333333333333335
50,0.0,0.5333333333333333
51,0.0,0.13333333333333333
52,0.0,0.06666666666666667
53,0.0,0.06666666666666667
54,0.0,0.0
55,0.0,0.0
56,0.0,0.0
57,0.0,0.0
58,0.0,0.0
59,0.0,0.0
60,0.0,0.0
61,0.0,0.0
62,0.0,0.0
63,0.0,0.1
64,0.0,0.26666666666666666
65,0.0,0.5333333333333333
66,0.0,0.16666666666666666
67,0.0,0.06666666666666667
68,0.0,0.1
69,0.0,0.03333333333333333
70,0.0,0.0
71,0.0,0.0
72,0.0,0.0
73,0.0,0.0
74,0.0,0.0
75,0.0,0.0
76,0.0,0.0
77,0.0,0.0
78,0.0,0.0
79,0.0,0.0
80,0.0,0.1
81,0.0,0.23333333333333334
82,0.0,0.5
83,0.0,0.3333333333333333
84,0.0,0.1
85,0.0,0.06666666666666667
86,0.0,0.06666666666666667
87,0.0,0.03333333333333333
88,0.0,0.03333333333333333
89,0.0,0.03333333333333333
90,0.0,0.0
91,0.0,0.0
92,0.0,0.0
93,0.0,0.0
94,0.0,0.0
95,0.0,0.0
96,0.0,0.0
97,0.0,0.0
98,0.0,0.0
99,0.0,0.06666666666666667
100,0.0,0.16666666666666666
101,0.0,0.3
102,0.0,0.3333333333333333
103,0.0,0.23333333333333334
104,0.0,0.1
105,0.0,0.03333333333333333
106,0.0,0.0
107,0.0,0.0
108,0.0,0.03333333333333333
109,0.0,0.0
110,0.0,0.0
111,0.0,0.0
112,0.0,0.0
113,0.0,0.0
114,0.0,0.0
115,0.0,0.0
116,0.0,0.0
117,0.0,0.0
118,0.0,0.0
119,0.0,0.0
120,0.0,0.06666666666666667
121,0.0,0.16666666666666666
122,0.0,0.3
123,0.0,0.3333333333333333
124,0.0,0.3333333333333333
125,0.0,0.2
126,0.0,0.1
127,0.0,0.03333333333333333
128,0.0,0.03333333333333333
129,0.0,0.03333333333333333
130,0.0,0.0
131,0.0,0.0
132,0.0,0.0
133,0.0,0.0
134,0.0,0.0
135,0.0,0.0
136,0.0,0.0
137,0.0,0.0
138,0.0,0.0
139,0.0,0.0
140,0.0,0.0
141,0.0,0.0
142,0.0,0.0
143,0.0,0.06666666666666667
144,0.0,0.1
145,0.0,0.23333333333333334
146,0.0,0.16666666666666666
147,0.0,0.23333333333333334
148,0.0,0.3
149,0.0,0.1
150,0.0,0.0
151,0.0,0.03333333333333333
152,0.0,0.03333333333333333
153,0.0,0.03333333333333333
154,0.0,0.03333333333333333
155,0.0,0.03333333333333333
156,0.0,0.0
157,0.0,0.0
158,0.0,0.0
159,0.0,0.0
160,0.0,0.0
161,0.0,0.0
162,0.0,0.0
163,0.0,0.0
164,0.0,0.0
165,0.0,0.0
166,0.0,0.0
167,0.0,0.0
168,0.0,0.06666666666666667
169,0.0,0.06666666666666667
170,0.0,0.26666666666666666
171,0.0,0.26666666666666666
172,0.0,0.1
173,0.0,0.26666666666666666
174,0.0,0.16666666666666666
175,0.0,0.0
176,0.0,0.03333333333333333
177,0.0,0.0
178,0.0,0.0
179,0.0,0.0
180,0.0,0.03333333333333333
181,0.0,0.03333333333333333
182,0.0,0.0
183,0.0,0.0
184,0.0,0.0
185,0.0,0.0
186,0.0,0.0
187,0.0,0.0
188,0.0,0.0
189,0.0,0.0
190,0.0,0.0
191,0.0,0.0
192,0.0,0.0
193,0.0,0.0
194,0.0,0.0
195,0.0,0.03333333333333333
196,0.0,0.06666666666666667
197,0.0,0.2
198,0.0,0.3
199,0.0,0.13333333333333333
200,0.0,0.23333333333333334
201,0.0,0.26666666666666666
202,0.0,0.0
203,0.0,0.03333333333333333
204,0.0,0.0
205,0.0,0.0
206,0.0,0.0
207,0.0,0.0
208,0.0,0.03333333333333333
209,0.0,0.0
210,0.0,0.0
211,0.0,0.0
212,0.0,0.0
213,0.0,0.0
214,0.0,0.0
215,0.0,0.0
216,0.0,0.0
217,0.0,0.0
218,0.0,0.0
219,0.0,0.0
220,0.0,0.0
221,0.0,0.0
222,0.0,0.0
223,0.0,0.0
224,0.0,0.0
225,0.0,0.03333333333333333
226,0.0,0.13333333333333333
227,0.0,0.3
228,0.0,0.16666666666666666
229,0.0,0.13333333333333333
230,0.0,0.3
231,0.0,0.1
232,0.0,0.1
233,0.0,0.0
234,0.0,0.0
235,0.0,0.0
236,0.0,0.0
237,0.0,0.03333333333333333
238,0.0,0.0
239,0.0,0.0
240,0.0,0.0
241,0.0,0.0
242,0.0,0.0
243,0.0,0.0
244,0.0,0.0
245,0.0,0.0
246,0.0,0.0
247,0.0,0.0
248,0.0,0.0
249,0.0,0.0
250,0.0,0.0
251,0.0,0.0
252,0.0,0.0
253,0.0,0.0
254,0.0,0.0
255,0.0,0.0
256,0.0,0.03333333333333333
257,0.0,0.1
258,0.0,0.26666666666666666
259,0.0,0.16666666666666666
260,0.0,0.1
261,0.0,0.23333333333333334
262,0.0,0.06666666666666667
263,0.0,0.1
264,0.0,0.0
265,0.0,0.0
266,0.0,0.0
267,0.0,0.0
268,0.0,0.03333333333333333
269,0.0,0.03333333333333333
270,0.0,0.0
271,0.0,0.0
272,0.0,0.0
273,0.0,0.0
274,0.0,0.0
275,0.0,0.0
276,0.0,0.0
277,0.0,0.0
278,0.0,0.0
279,0.0,0.0
280,0.0,0.0
281,0.0,0.0
282,0.0,0.0
283,0.0,0.0
284,0.0,0.0
285,0.0,0.0
286,0.0,0.0
287,0.0,0.0
288,0.0,0.0
289,0.0,0.03333333333333333
290,0.0,0.06666666666666667
291,0.0,0.26666666666666666
292,0.0,0.26666666666666666
293,0.0,0.13333333333333333
294,0.0,0.2
295,0.0,0.16666666666666666
296,0.0,0.13333333333333333
297,0.0,0.0
298,0.0,0.0
299,0.0,0.0
300,0.0,0.0
0,0.0,1.0
1,0.0,0.3
2,0.0,0.0
3,0.18571428571428572,0.7
4,0.18571428571428572,0.6
5,0.0,0.2
6,0.0,0.03333333333333333
7,0.0,0.0
8,0.0,0.4
9,0.0,0.4666666666666667
10,0.0,0.4
11,0.0,0.2
12,0.0,0.06666666666666667
13,0.0,0.0
14,0.0,0.0
15,0.0,0.3333333333333333
16,0.0,0.4666666666666667
17,0.0,0.3333333333333333
18,0.0,0.2
19,0.0,0.1
20,0.0,0.1
21,0.0,0.1
22,0.0,0.0
23,0.0,0.0
24,0.0,0.1
25,0.0,0.4
26,0.0,0.36666666666666664
27,0.0,0.16666666666666666
28,0.0,0.03333333333333333
29,0.0,0.0
30,0.0,0.1
31,0.0,0.03333333333333333
32,0.0,0.0
33,0.0,0.0
34,0.0,0.0
35,0.0,0.06666666666666667
36,0.0,0.3
37,0.0,0.43333333333333335
38,0.0,0.23333333333333334
39,0.0,0.13333333333333333
40,0.0,0.06666666666666667
41,0.0,0.06666666666666667
42,0.0,0.1
43,0.0,0.03333333333333333
44,0.0,0.03333333333333333
45,0.0,0.0
46,0.0,0.0
47,0.0,0.0
48,0.0,0.06666666666666667
49,0.0,0.26666666666666666
50,0.0,0.36666666666666664
51,0.0,0.2
52,0.0,0.06666666666666667
53,0.0,0.1
54,0.0,0.0
55,0.0,0.06666666666666667
56,0.0,0.03333333333333333
57,0.0,0.03333333333333333
58,0.0,0.0
59,0.0,0.0
60,0.0,0.0
61,0.0,0.0
62,0.0,0.0
63,0.0,0.03333333333333333
64,0.0,0.23333333333333334
65,0.0,0.3
66,0.0,0.3
67,0.0,0.1
68,0.0,0.1
69,0.0,0.03333333333333333
70,0.0,0.03333333333333333
71,0.0,0.03333333333333333
72,0.0,0.03333333333333333
73,0.0,0.0
74,0.0,0.0
75,0.0,0.0
76,0.0,0.0
77,0.0,0.0
78,0.0,0.0
79,0.0,0.0
80,0.0,0.03333333333333333
81,0.0,0.23333333333333334
82,0.0,0.26666666666666666
83,0.0,0.26666666666666666
84,0.0,0.16666666666666666
85,0.0,0.06666666666666667
86,0.0,0.06666666666666667
87,0.0,0.03333333333333333
88,0.0,0.03333333333333333
89,0.0,0.03333333333333333
90,0.0,0.03333333333333333
91,0.0,0.0
92,0.0,0.0
93,0.0,0.0
94,0.0,0.0
95,0.0,0.0
96,0.0,0.0
97,0.0,0.0
98,0.0,0.0
99,0.0,0.03333333333333333
100,0.0,0.16666666666666666
101,0.0,0.3
102,0.0,0.23333333333333334
103,0.0,0.3
104,0.0,0.16666666666666666
105,0.0,0.1
106,0.0,0.03333333333333333
107,0.0,0.03333333333333333
108,0.0,0.0
109,0.0,0.03333333333333333
110,0.0,0.03333333333333333
111,0.0,0.0
112,0.0,0.0
113,0.0,0.0
114,0.0,0.0
115,0.0,0.0
116,0.0,0.0
117,0.0,0.0
118,0.0,0.0
119,0.0,0.0
120,0.0,0.03333333333333333
121,0.0,0.1
122,0.0,0.26666666666666666
123,0.0,0.13333333333333333
124,0.0,0.26666666666666666
125,0.0,0.13333333333333333
126,0.0,0.16666666666666666
127,0.0,0.03333333333333333
128,0.0,0.03333333333333333
129,0.0,0.03333333333333333
130,0.0,0.0
131,0.0,0.03333333333333333
132,0.0,0.03333333333333333
133,0.0,0.0
134,0.0,0.0
135,0.0,0.0
136,0.0,0.0
137,0.0,0.0
138,0.0,0.0
139,0.0,0.0
140,0.0,0.0
141,0.0,0.0
142,0.0,0.0
143,0.0,0.03333333333333333
144,0.0,0.1
145,0.0,0.23333333333333334
146,0.0,0.1
147,0.0,0.26666666666666666
148,0.0,0.1
149,0.0,0.2
150,0.0,0.03333333333333333
151,0.0,0.03333333333333333
152,0.0,0.03333333333333333
153,0.0,0.03333333333333333
154,0.0,0.0
155,0.0,0.03333333333333333
156,0.0,0.0
157,0.0,0.0
158,0.0,0.0
159,0.0,0.0
160,0.0,0.0
161,0.0,0.0
162,0.0,0.0
163,0.0,0.0
164,0.0,0.0
165,0.0,0.0
166,0.0,0.0
167,0.0,0.0
168,0.0,0.03333333333333333
169,0.0,0.1
170,0.0,0.16666666666666666
171,0.0,0.2
172,0.0,0.26666666666666666
173,0.0,0.16666666666666666
174,0.0,0.26666666666666666
175,0.0,0.1
176,0.0,0.06666666666666667
177,0.0,0.03333333333333333
178,0.0,0.06666666666666667
179,0.0,0.03333333333333333
180,0.0,0.03333333333333333
181,0.0,0.0
182,0.0,0.0
183,0.0,0.0
184,0.0,0.0
185,0.0,0.0
186,0.0,0.0
187,0.0,0.0
188,0.0,0.0
189,0.0,0.0
190,0.0,0.0
191,0.0,0.0
192,0.0,0.0
193,0.0,0.0
194,0.0,0.0
195,0.0,0.03333333333333333
196,0.0,0.13333333333333333
197,0.0,0.1
198,0.0,0.23333333333333334
199,0.0,0.16666666666666666
200,0.0,0.1
201,0.0,0.16666666666666666
202,0.0,0.13333333333333333
203,0.0,0.03333333333333333
204,0.0,0.0
205,0.0,0.03333333333333333
206,0.0,0.03333333333333333
207,0.0,0.03333333333333333
208,0.0,0.0
209,0.0,0.0
210,0.0,0.0
211,0.0,0.0
212,0.0,0.0
213,0.0,0.0
214,0.0,0.0
215,0.0,0.0
216,0.0,0.0
217,0.0,0.0
218,0.0,0.0
219,0.0,0.0
220,0.0,0.0
221,0.0,0.0
222,0.0,0.0
223,0.0,0.0
224,0.0,0.0
225,0.0,0.1
226,0.0,0.06666666666666667
227,0.0,0.26666666666666666
228,0.0,0.2
229,0.0,0.2
230,0.0,0.13333333333333333
231,0.0,0.16666666666666666
232,0.0,0.06666666666666667
233,0.0,0.0
234,0.0,0.03333333333333333
235,0.0,0.03333333333333333
236,0.0,0.03333333333333333
237,0.0,0.03333333333333333
238,0.0,0.03333333333333333
239,0.0,0.0
240,0.0,0.0
241,0.0,0.0
242,0.0,0.0
243,0.0,0.0
244,0.0,0.0
245,0.0,0.0
246,0.0,0.0
247,0.0,0.0
248,0.0,0.0
249,0.0,0.0
250,0.0,0.0
251,0.0,0.0
252,0.0,0.0
253,0.0,0.0
254,0.0,0.0
255,0.0,0.0
256,0.0,0.06666666666666667
257,0.0,0.03333333333333333
258,0.0,0.23333333333333334
259,0.0,0.2
260,0.0,0.23333333333333334
261,0.0,0.2
262,0.0,0.16666666666666666
263,0.0,0.16666666666666666
264,0.0,0.0
265,0.0,0.03333333333333333
266,0.0,0.03333333333333333
267,0.0,0.0
268,0.0,0.0
269,0.0,0.03333333333333333
270,0.0,0.03333333333333333
271,0.0,0.0
272,0.0,0.0
273,0.0,0.0
274,0.0,0.0
275,0.0,0.0
276,0.0,0.0
277,0.0,0.0
278,0.0,0.0
279,0.0,0.0
280,0.0,0.0
281,0.0,0.0
282,0.0,0.0
283,0.0,0.0
284,0.0,0.0
285,0.0,0.0
286,0.0,0.0
287,0.0,0.0
288,0.0,0.0
289,0.0,0.06666666666666667
290,0.0,0.03333333333333333
291,0.0,0.13333333333333333
292,0.0,0.16666666666666666
293,0.0,0.16666666666666666
294,0.0,0.23333333333333334
295,0.0,0.06666666666666667
296,0.0,0.16666666666666666
297,0.0,0.03333333333333333
298,0.0,0.03333333333333333
299,0.0,0.03333333333333333
300,0.0,0.0
0,0.0,1.0
1,0.0,0.35
2,0.0,0.15
3,0.0,0.7
4,0.0,0.375
5,0.0,0.225
6,0.0,0.075
7,0.0,0.075
8,0.0,0.5
9,0.0,0.35
10,0.0,0.2
11,0.0,0.1
12,0.0,0.075
13,0.0,0.025
14,0.0,0.0
15,0.0,0.375
16,0.0,0.375
17,0.0,0.2
18,0.0,0.125
19,0.0,0.1
20,0.0,0.025
21,0.0,0.0
22,0.0,0.0
23,0.0,0.0
24,0.0,0.325
25,0.0,0.375
26,0.0,0.275
27,0.0,0.125
28,0.0,0.125
29,0.0,0.05
30,0.0,0.0
31,0.0,0.0
32,0.0,0.0
33,0.0,0.0
34,0.0,0.0
35,0.0,0.25
36,0.0,0.425
37,0.0,0.35
38,0.0,0.175
39,0.0,0.225
40,0.0,0.05
41,0.0,0.0
42,0.0,0.0
43,0.0,0.0
44,0.0,0.0
45,0.0,0.0
46,0.0,0.0
47,0.0,0.0
48,0.0,0.1
49,0.0,0.325
50,0.0,0.375
51,0.0,0.175
52,0.0,0.3
53,0.0,0.1
54,0.0,0.05
55,0.0,0.0
56,0.0,0.0
57,0.0,0.0
58,0.0,0.0
59,0.0,0.0
60,0.0,0.0
61,0.0,0.0
62,0.0,0.0
63,0.0,0.075
64,0.0,0.225
65,0.0,0.275
66,0.0,0.15
67,0.0,0.3
68,0.0,0.1
69,0.0,0.05
70,0.0,0.025
71,0.0,0.0
72,0.0,0.0
73,0.0,0.0
74,0.0,0.0
75,0.0,0.0
76,0.0,0.0
77,0.0,0.0
78,0.0,0.0
79,0.0,0.0
80,0.0,0.075
81,0.0,0.225
82,0.0,0.25
83,0.0,0.15
84,0.0,0.3
85,0.0,0.2
86,0.0,0.025
87,0.0,0.025
88,0.0,0.0
89,0.0,0.0
90,0.0,0.0
91,0.0,0.0
92,0.0,0.0
93,0.0,0.0
94,0.0,0.0
95,0.0,0.0
96,0.0,0.0
97,0.0,0.0
98,0.0,0.0
99,0.0,0.05
100,0.0,0.2
101,0.0,0.225
102,0.0,0.15
103,0.0,0.225
104,0.0,0.25
105,0.0,0.1
106,0.0,0.025
107,0.0,0.025
108,0.0,0.0
109,0.0,0.0
110,0.0,0.0
111,0.0,0.0
112,0.0,0.0
113,0.0,0.0
114,0.0,0.0
115,0.0,0.0
116,0.0,0.0
117,0.0,0.0
118,0.0,0.0
119,0.0,0.0
120,0.0,0.05
121,0.0,0.175
122,0.0,0.2
123,0.0,0.175
124,0.0,0.2
125,0.0,0.2
126,0.0,0.1
127,0.0,0.0
128,0.0,0.025
129,0.0,0.0
130,0.0,0.0
131,0.0,0.0
132,0.0,0.0
133,0.0,0.0
134,0.0,0.0
135,0.0,0.0
136,0.0,0.0
137,0.0,0.0
138,0.0,0.0
139,0.0,0.0
140,0.0,0.0
141,0.0,0.0
142,0.0,0.0
143,0.0,0.05
144,0.0,0.175
145,0.0,0.2
146,0.0,0.175
147,0.0,0.25
148,0.0,0.275
149,0.0,0.175
150,0.0,0.05
151,0.0,0.025
152,0.0,0.0
153,0.0,0.0
154,0.0,0.0
155,0.0,0.0
156,0.0,0.0
157,0.0,0.0
158,0.0,0.0
159,0.0,0.0
160,0.0,0.0
161,0.0,0.0
162,0.0,0.0
163,0.0,0.0
164,0.0,0.0
165,0.0,0.0
166,0.0,0.0
167,0.0,0.0
168,0.0,0.025
169,0.0,0.15
170,0.0,0.225
171,0.0,0.125
172,0.0,0.2
173,0.0,0.3
174,0.0,0.175
175,0.0,0.075
176,0.0,0.025
177,0.0,0.0
178,0.0,0.0
179,0.0,0.0
180,0.0,0.0
181,0.0,0.0
182,0.0,0.0
183,0.0,0.0
184,0.0,0.0
185,0.0,0.0
186,0.0,0.0
187,0.0,0.0
188,0.0,0.0
189,0.0,0.0
190,0.0,0.0
191,0.0,0.0
192,0.0,0.0
193,0.0,0.0
194,0.0,0.0
195,0.0,0.0
196,0.0,0.1
197,0.0,0.25
198,0.0,0.225
199,0.0,0.125
200,0.0,0.25
201,0.0,0.2
202,0.0,0.1
203,0.0,0.05
204,0.0,0.025
205,0.0,0.0
206,0.0,0.0
207,0.0,0.0
208,0.0,0.0
209,0.0,0.0
210,0.0,0.0
211,0.0,0.0
212,0.0,0.0
213,0.0,0.0
214,0.0,0.0
215,0.0,0.0
216,0.0,0.0
217,0.0,0.0
218,0.0,0.0
219,0.0,0.0
220,0.0,0.0
221,0.0,0.0
222,0.0,0.0
223,0.0,0.0
224,0.0,0.0
225,0.0,0.05
226,0.0,0.125
227,0.0,0.25
228,0.0,0.2
229,0.0,0.3
230,0.0,0.2
231,0.0,0.15
232,0.0,0.1
233,0.0,0.05
234,0.0,0.025
235,0.0,0.0
236,0.0,0.0
237,0.0,0.0
238,0.0,0.0
239,0.0,0.0
240,0.0,0.0
241,0.0,0.0
242,0.0,0.0
243,0.0,0.0
244,0.0,0.0
245,0.0,0.0
246,0.0,0.0
247,0.0,0.0
248,0.0,0.0
249,0.0,0.0
250,0.0,0.0
251,0.0,0.0
252,0.0,0.0
253,0.0,0.0
254,0.0,0.0
255,0.0,0.0
256,0.0,0.05
257,0.0,0.1
258,0.0,0.175
259,0.0,0.175
260,0.0,0.325
261,0.0,0.2
262,0.0,0.175
263,0.0,0.1
264,0.0,0.05
265,0.0,0.025
266,0.0,0.0
267,0.0,0.0
268,0.0,0.0
269,0.0,0.0
270,0.0,0.0
271,0.0,0.0
272,0.0,0.0
273,0.0,0.0
274,0.0,0.0
275,0.0,0.0
276,0.0,0.0
277,0.0,0.0
278,0.0,0.0
279,0.0,0.0
280,0.0,0.0
281,0.0,0.0
282,0.0,0.0
283,0.0,0.0
284,0.0,0.0
285,0.0,0.0
286,0.0,0.0
287,0.0,0.0
288,0.0,0.0
289,0.0,0.025
290,0.0,0.1
291,0.0,0.1
292,0.0,0.125
293,0.0,0.325
294,0.0,0.15
295,0.0,0.15
296,0.0,0.125
297,0.0,0.075
298,0.0,0.025
299,0.0,0.0
300,0.0,0.0
0,0.0,1.0
1,0.0,0.3
2,0.0,0.075
3,0.0,0.725
4,0.0,0.35
5,0.0,0.15
6,0.0,0.05
7,0.0,0.025
8,0.0,0.575
9,0.0,0.4
10,0.0,0.15
11,0.0,0.075
12,0.0,0.075
13,0.0,0.025
14,0.0,0.025
15,0.0,0.425
16,0.0,0.425
17,0.0,0.2
18,0.0,0.125
19,0.0,0.075
20,0.0,0.0
21,0.0,0.025
22,0.0,0.0
23,0.0,0.0
24,0.0,0.375
25,0.0,0.45
26,0.0,0.15
27,0.0,0.125
28,0.0,0.125
29,0.0,0.025
30,0.0,0.05
31,0.0,0.0
32,0.0,0.0
33,0.0,0.0
34,0.0,0.0
35,0.0,0.25
36,0.0,0.45
37,0.0,0.275
38,0.0,0.225
39,0.0,0.15
40,0.0,0.0
41,0.0,0.05
42,0.0,0.0
43,0.0,0.0
44,0.0,0.0
45,0.0,0.0
46,0.0,0.0
47,0.0,0.0
48,0.0,0.2
49,0.0,0.375
50,0.0,0.25
51,0.0,0.2
52,0.0,0.225
53,0.0,0.05
54,0.0,0.05
55,0.0,0.025
56,0.0,0.025
57,0.0,0.0
58,0.0,0.0
59,0.0,0.0
60,0.0,0.0
61,0.0,0.0
62,0.0,0.0
63,0.0,0.125
64,0.0,0.275
65,0.0,0.25
66,0.0,0.2
67,0.0,0.25
68,0.0,0.075
69,0.0,0.05
70,0.0,0.0
71,0.0,0.025
72,0.0,0.0
73,0.0,0.0
74,0.0,0.0
75,0.0,0.0
76,0.0,0.0
77,0.0,0.0
78,0.0,0.0
79,0.0,0.0
80,0.0,0.1
81,0.0,0.275
82,0.0,0.25
83,0.0,0.175
84,0.0,0.275
85,0.0,0.175
86,0.0,0.1
87,0.0,0.075
88,0.0,0.05
89,0.0,0.0
90,0.0,0.0
91,0.0,0.0
92,0.0,0.0
93,0.0,0.0
94,0.0,0.0
95,0.0,0.0
96,0.0,0.0
97,0.0,0.0
98,0.0,0.0
99,0.0,0.075
100,0.0,0.225
101,0.0,0.225
102,0.0,0.2
103,0.0,0.225
104,0.0,0.15
105,0.0,0.1
106,0.0,0.05
107,0.0,0.05
108,0.0,0.025
109,0.0,0.0
110,0.0,0.0
111,0.0,0.0
112,0.0,0.0
113,0.0,0.0
114,0.0,0.0
115,0.0,0.0
116,0.0,0.0
117,0.0,0.0
118,0.0,0.0
119,0.0,0.0
120,0.0,0.05
121,0.0,0.225
122,0.0,0.175
123,0.0,0.15
124,0.0,0.3
125,0.0,0.125
126,0.0,0.125
127,0.0,0.05
128,0.0,0.05
129,0.0,0.025
130,0.0,0.0
131,0.0,0.0
132,0.0,0.0
133,0.0,0.0
134,0.0,0.0
135,0.0,0.0
136,0.0,0.0
137,0.0,0.0
138,0.0,0.0
139,0.0,0.0
140,0.0,0.0
141,0.0,0.0
142,0.0,0.0
143,0.0,0.025
144,0.0,0.2
145,0.0,0.275
146,0.0,0.1
147,0.0,0.3
148,0.0,0.225
149,0.0,0.225
150,0.0,0.075
151,0.0,0.05
152,0.0,0.025
153,0.0,0.025
154,0.0,0.0
155,0.0,0.0
156,0.0,0.0
157,0.0,0.0
158,0.0,0.0
159,0.0,0.0
160,0.0,0.0
161,0.0,0.0
162,0.0,0.0
163,0.0,0.0
164,0.0,0.0
165,0.0,0.0
166,0.0,0.0
167,0.0,0.0
168,0.0,0.025
169,0.0,0.075
170,0.0,0.25
171,0.0,0.15
172,0.0,0.175
173,0.0,0.125
174,0.0,0.225
175,0.0,0.1
176,0.0,0.1
177,0.0,0.025
178,0.0,0.05
179,0.0,0.025
180,0.0,0.0
181,0.0,0.0
182,0.0,0.0
183,0.0,0.0
184,0.0,0.0
185,0.0,0.0
186,0.0,0.0
187,0.0,0.0
188,0.0,0.0
189,0.0,0.0
190,0.0,0.0
191,0.0,0.0
192,0.0,0.0
193,0.0,0.0
194,0.0,0.0
195,0.0,0.025
196,0.0,0.05
197,0.0,0.175
198,0.0,0.175
199,0.0,0.25
200,0.0,0.075
201,0.0,0.2
202,0.0,0.15
203,0.0,0.1
204,0.0,0.1
205,0.0,0.05
206,0.0,0.025
207,0.0,0.0
208,0.0,0.0
209,0.0,0.0
210,0.0,0.0
211,0.0,0.0
212,0.0,0.0
213,0.0,0.0
214,0.0,0.0
215,0.0,0.0
216,0.0,0.0
217,0.0,0.0
218,0.0,0.0
219,0.0,0.0
220,0.0,0.0
221,0.0,0.0
222,0.0,0.0
223,0.0,0.0
224,0.0,0.025
225,0.0,0.025
226,0.0,0.15
227,0.0,0.125
228,0.0,0.275
229,0.0,0.175
230,0.0,0.15
231,0.0,0.225
232,0.0,0.05
233,0.0,0.1
234,0.0,0.075
235,0.0,0.025
236,0.0,0.0
237,0.0,0.0
238,0.0,0.0
239,0.0,0.0
240,0.0,0.0
241,0.0,0.0
242,0.0,0.0
243,0.0,0.0
244,0.0,0.0
245,0.0,0.0
246,0.0,0.0
247,0.0,0.0
248,0.0,0.0
249,0.0,0.0
250,0.0,0.0
251,0.0,0.0
252,0.0,0.0
253,0.0,0.0
254,0.0,0.0
255,0.0,0.025
256,0.0,0.025
257,0.0,0.125
258,0.0,0.125
259,0.0,0.225
260,0.0,0.225
261,0.0,0.15
262,0.0,0.175
263,0.0,0.05
264,0.0,0.1
265,0.0,0.1
266,0.0,0.025
267,0.0,0.0
268,0.0,0.0
269,0.0,0.0
270,0.0,0.0
271,0.0,0.0
272,0.0,0.0
273,0.0,0.0
274,0.0,0.0
275,0.0,0.0
276,0.0,0.0
277,0.0,0.0
278,0.0,0.0
279,0.0,0.0
280,0.0,0.0
281,0.0,0.0
282,0.0,0.0
283,0.0,0.0
284,0.0,0.0
285,0.0,0.0
286,0.0,0.0
287,0.0,0.0
288,0.0,0.025
289,0.0,0.025
290,0.0,0.1
291,0.0,0.1
292,0.0,0.125
293,0.0,0.2
294,0.0,0.2
295,0.0,0.2
296,0.0,0.025
297,0.0,0.075
298,0.0,0.15
299,0.0,0.025
300,0.0,0.0
0,0.0,1.0
1,0.0,0.275
2,0.0,0.025
3,0.0,0.725
4,0.0,0.35
5,0.0,0.125
6,0.0,0.0
7,0.0,0.0
8,0.0,0.625
9,0.0,0.325
10,0.0,0.225
11,0.0,0.025
12,0.0,0.0
13,0.0,0.0
14,0.0,0.0
15,0.0,0.55
16,0.0,0.3
17,0.0,0.275
18,0.0,0.175
19,0.0,0.075
20,0.0,0.0
21,0.0,0.0
22,0.0,0.0
23,0.0,0.0
24,0.0,0.475
25,0.0,0.25
26,0.0,0.15
27,0.0,0.125
28,0.0,0.125
29,0.0,0.025
30,0.0,0.0
31,0.0,0.0
32,0.0,0.0
33,0.0,0.0
34,0.0,0.0
35,0.0,0.45
36,0.0,0.25
37,0.0,0.25
38,0.0,0.2
39,0.0,0.175
40,0.0,0.1
41,0.0,0.05
42,0.0,0.05
43,0.0,0.0
44,0.0,0.0
45,0.0,0.0
46,0.0,0.0
47,0.0,0.0
48,0.0,0.425
49,0.0,0.175
50,0.0,0.125
51,0.0,0.225
52,0.0,0.175
53,0.0,0.1
54,0.0,0.05
55,0.0,0.075
56,0.0,0.025
57,0.0,0.0
58,0.0,0.0
59,0.0,0.0
60,0.0,0.0
61,0.0,0.0
62,0.0,0.0
63,0.0,0.375
64,0.0,0.325
65,0.0,0.125
66,0.0,0.175
67,0.0,0.175
68,0.0,0.125
69,0.0,0.1
70,0.0,0.075
71,0.0,0.025
72,0.0,0.0
73,0.0,0.0
74,0.0,0.0
75,0.0,0.0
76,0.0,0.0
77,0.0,0.0
78,0.0,0.0
79,0.0,0.0
80,0.0,0.225
81,0.0,0.3
82,0.0,0.125
83,0.0,0.15
84,0.0,0.175
85,0.0,0.05
86,0.0,0.075
87,0.0,0.1
88,0.0,0.05
89,0.0,0.025
90,0.0,0.0
91,0.0,0.0
92,0.0,0.0
93,0.0,0.0
94,0.0,0.0
95,0.0,0.0
96,0.0,0.0
97,0.0,0.0
98,0.0,0.0
99,0.0,0.15
100,0.0,0.325
101,0.0,0.175
102,0.0,0.125
103,0.0,0.175
104,0.0,0.125
105,0.0,0.1
106,0.0,0.1
107,0.0,0.025
108,0.0,0.025
109,0.0,0.025
110,0.0,0.0
111,0.0,0.0
112,0.0,0.0
113,0.0,0.0
114,0.0,0.0
115,0.0,0.0
116,0.0,0.0
117,0.0,0.0
118,0.0,0.0
119,0.0,0.0
120,0.0,0.1
121,0.0,0.3
122,0.0,0.25
123,0.0,0.2
124,0.0,0.125
125,0.0,0.125
126,0.0,0.1
127,0.0,0.125
128,0.0,0.075
129,0.0,0.05
130,0.0,0.05
131,0.0,0.0
132,0.0,0.0
133,0.0,0.0
134,0.0,0.0
135,0.0,0.0
136,0.0,0.0
137,0.0,0.0
138,0.0,0.0
139,0.0,0.0
140,0.0,0.0
141,0.0,0.0
142,0.0,0.0
143,0.0,0.05
144,0.0,0.2
145,0.0,0.2
146,0.0,0.225
147,0.0,0.225
148,0.0,0.15
149,0.0,0.075
150,0.0,0.1
151,0.0,0.075
152,0.0,0.05
153,0.0,0.075
154,0.0,0.025
155,0.0,0.025
156,0.0,0.0
157,0.0,0.0
158,0.0,0.0
159,0.0,0.0
160,0.0,0.0
161,0.0,0.0
162,0.0,0.0
163,0.0,0.0
164,0.0,0.0
165,0.0,0.0
166,0.0,0.0
167,0.0,0.0
168,0.0,0.025
169,0.0,0.2
170,0.0,0.2
171,0.0,0.075
172,0.0,0.175
173,0.0,0.175
174,0.0,0.05
175,0.0,0.05
176,0.0,0.075
177,0.0,0.05
178,0.0,0.05
179,0.0,0.0
180,0.0,0.025
181,0.0,0.0
182,0.0,0.0
183,0.0,0.0
184,0.0,0.0
185,0.0,0.0
186,0.0,0.0
187,0.0,0.0
188,0.0,0.0
189,0.0,0.0
190,0.0,0.0
191,0.0,0.0
192,0.0,0.0
193,0.0,0.0
194,0.0,0.0
195,0.0,0.0
196,0.0,0.15
197,0.0,0.25
198,0.0,0.15
199,0.0,0.2
200,0.0,0.2
201,0.0,0.125
202,0.0,0.05
203,0.0,0.05
204,0.0,0.05
205,0.0,0.075
206,0.0,0.025
207,0.0,0.025
208,0.0,0.025
209,0.0,0.0
210,0.0,0.0
211,0.0,0.0
212,0.0,0.0
213,0.0,0.0
214,0.0,0.0
215,0.0,0.0
216,0.0,0.0
217,0.0,0.0
218,0.0,0.0
219,0.0,0.0
220,0.0,0.0
221,0.0,0.0
222,0.0,0.0
223,0.0,0.0
224,0.0,0.0
225,0.0,0.1
226,0.0,0.2
227,0.0,0.15
228,0.0,0.2
229,0.0,0.2
230,0.0,0.175
231,0.0,0.075
232,0.0,0.05
233,0.0,0.025
234,0.0,0.05
235,0.0,0.025
236,0.0,0.025
237,0.0,0.025
238,0.0,0.0
239,0.0,0.0
240,0.0,0.0
241,0.0,0.0
242,0.0,0.0
243,0.0,0.0
244,0.0,0.0
245,0.0,0.0
246,0.0,0.0
247,0.0,0.0
248,0.0,0.0
249,0.0,0.0
250,0.0,0.0
251,0.0,0.0
252,0.0,0.0
253,0.0,0.0
254,0.0,0.0
255,0.0,0.0
256,0.0,0.075
257,0.0,0.15
258,0.0,0.2
259,0.0,0.25
260,0.0,0.2
261,0.0,0.15
262,0.0,0.1
263,0.0,0.1
264,0.0,0.025
265,0.0,0.05
266,0.0,0.025
267,0.0,0.025
268,0.0,0.025
269,0.0,0.0
270,0.0,0.0
271,0.0,0.0
272,0.0,0.0
273,0.0,0.0
274,0.0,0.0
275,0.0,0.0
276,0.0,0.0
277,0.0,0.0
278,0.0,0.0
279,0.0,0.0
280,0.0,0.0
281,0.0,0.0
282,0.0,0.0
283,0.0,0.0
284,0.0,0.0
285,0.0,0.0
286,0.0,0.0
287,0.0,0.0
288,0.0,0.0
289,0.0,0.075
290,0.0,0.125
291,0.0,0.075
292,0.0,0.2
293,0.0,0.275
294,0.0,0.225
295,0.0,0.075
296,0.0,0.15
297,0.0,0.075
298,0.0,0.075
299,0.0,0.075
300,0.0,0.05
0,0.0,1.0
1,0.0,0.275
2,0.0,0.0
3,0.21666666666666667,0.725
4,0.21666666666666667,0.4
5,0.0,0.05
6,0.0,0.0
7,0.0,0.0
8,0.0,0.6
9,0.0,0.45
10,0.0,0.225
11,0.0,0.125
12,0.0,0.025
13,0.0,0.0
14,0.0,0.0
15,0.0,0.5
16,0.0,0.5
17,0.0,0.2
18,0.0,0.125
19,0.0,0.075
20,0.0,0.025
21,0.0,0.025
22,0.0,0.0
23,0.0,0.0
24,0.0,0.275
25,0.0,0.475
26,0.0,0.25
27,0.0,0.075
28,0.0,0.075
29,0.0,0.0
30,0.0,0.025
31,0.0,0.0
32,0.0,0.0
33,0.0,0.0
34,0.0,0.0
35,0.0,0.2
36,0.0,0.5
37,0.0,0.4
38,0.0,0.125
39,0.0,0.15
40,0.0,0.05
41,0.0,0.05
42,0.0,0.0
43,0.0,0.0
44,0.0,0.0
45,0.0,0.0
46,0.0,0.0
47,0.0,0.0
48,0.0,0.1
49,0.0,0.375
50,0.0,0.475
51,0.0,0.175
52,0.0,0.15
53,0.0,0.1
54,0.0,0.05
55,0.0,0.0
56,0.0,0.0
57,0.0,0.0
58,0.0,0.0
59,0.0,0.0
60,0.0,0.0
61,0.0,0.0
62,0.0,0.0
63,0.0,0.075
64,0.0,0.225
65,0.0,0.475
66,0.0,0.225
67,0.0,0.2
68,0.0,0.25
69,0.0,0.075
70,0.0,0.0
71,0.0,0.0
72,0.0,0.0
73,0.0,0.0
74,0.0,0.0
75,0.0,0.0
76,0.0,0.0
77,0.0,0.0
78,0.0,0.0
79,0.0,0.0
80,0.0,0.075
81,0.0,0.1
82,0.0,0.375
83,0.0,0.25
84,0.0,0.15
85,0.0,0.325
86,0.0,0.15
87,0.0,0.075
88,0.0,0.0
89,0.0,0.0
90,0.0,0.0
91,0.0,0.0
92,0.0,0.0
93,0.0,0.0
94,0.0,0.0
95,0.0,0.0
96,0.0,0.0
97,0.0,0.0
98,0.0,0.0
99,0.0,0.075
100,0.0,0.1
101,0.0,0.25
102,0.0,0.175
103,0.0,0.075
104,0.0,0.275
105,0.0,0.15
106,0.0,0.1
107,0.0,0.025
108,0.0,0.0
109,0.0,0.0
110,0.0,0.0
111,0.0,0.0
112,0.0,0.0
113,0.0,0.0
114,0.0,0.0
115,0.0,0.0
116,0.0,0.0
117,0.0,0.0
118,0.0,0.0
119,0.0,0.0
120,0.0,0.075
121,0.0,0.125
122,0.0,0.225
123,0.0,0.2
124,0.0,0.15
125,0.0,0.25
126,0.0,0.15
127,0.0,0.1
128,0.0,0.05
129,0.0,0.025
130,0.0,0.0
131,0.0,0.0
132,0.0,0.0
133,0.0,0.0
134,0.0,0.0
135,0.0,0.0
136,0.0,0.0
137,0.0,0.0
138,0.0,0.0
139,0.0,0.0
140,0.0,0.0
141,0.0,0.0
142,0.0,0.0
143,0.0,0.025
144,0.0,0.125
145,0.0,0.2
146,0.0,0.175
147,0.0,0.15
148,0.0,0.275
149,0.0,0.15
150,0.0,0.15
151,0.0,0.05
152,0.0,0.025
153,0.0,0.0
154,0.0,0.0
155,0.0,0.0
156,0.0,0.0
157,0.0,0.0
158,0.0,0.0
159,0.0,0.0
160,0.0,0.0
161,0.0,0.0
162,0.0,0.0
163,0.0,0.0
164,0.0,0.0
165,0.0,0.0
166,0.0,0.0
167,0.0,0.0
168,0.0,0.025
169,0.0,0.1
170,0.0,0.175
171,0.0,0.225
172,0.0,0.15
173,0.0,0.25
174,0.0,0.175
175,0.0,0.2
176,0.0,0.15
177,0.0,0.05
178,0.0,0.025
179,0.0,0.0
180,0.0,0.0
181,0.0,0.0
182,0.0,0.0
183,0.0,0.0
184,0.0,0.0
185,0.0,0.0
186,0.0,0.0
187,0.0,0.0
188,0.0,0.0
189,0.0,0.0
190,0.0,0.0
191,0.0,0.0
192,0.0,0.0
193,0.0,0.0
194,0.0,0.0
195,0.0,0.025
196,0.0,0.05
197,0.0,0.075
198,0.0,0.2
199,0.0,0.2
200,0.0,0.15
201,0.0,0.15
202,0.0,0.175
203,0.0,0.15
204,0.0,0.1
205,0.0,0.1
206,0.0,0.0
207,0.0,0.0
208,0.0,0.0
209,0.0,0.0
210,0.0,0.0
211,0.0,0.0
212,0.0,0.0
213,0.0,0.0
214,0.0,0.0
215,0.0,0.0
216,0.0,0.0
217,0.0,0.0
218,0.0,0.0
219,0.0,0.0
220,0.0,0.0
221,0.0,0.0
222,0.0,0.0
223,0.0,0.0
224,0.0,0.025
225,0.0,0.05
226,0.0,0.05
227,0.0,0.2
228,0.0,0.25
229,0.0,0.2
230,0.0,0.15
231,0.0,0.175
232,0.0,0.125
233,0.0,0.025
234,0.0,0.1
235,0.0,0.025
236,0.0,0.025
237,0.0,0.025
238,0.0,0.0
239,0.0,0.0
240,0.0,0.0
241,0.0,0.0
242,0.0,0.0
243,0.0,0.0
244,0.0,0.0
245,0.0,0.0
246,0.0,0.0
247,0.0,0.0
248,0.0,0.0
249,0.0,0.0
250,0.0,0.0
251,0.0,0.0
252,0.0,0.0
253,0.0,0.0
254,0.0,0.0
255,0.0,0.025
256,0.0,0.075
257,0.0,0.0
258,0.0,0.15
259,0.0,0.175
260,0.0,0.15
261,0.0,0.175
262,0.0,0.225
263,0.0,0.15
264,0.0,0.05
265,0.0,0.075
266,0.0,0.05
267,0.0,0.0
268,0.0,0.025
269,0.0,0.0
270,0.0,0.0
271,0.0,0.0
272,0.0,0.0
273,0.0,0.0
274,0.0,0.0
275,0.0,0.0
276,0.0,0.0
277,0.0,0.0
278,0.0,0.0
279,0.0,0.0
280,0.0,0.0
281,0.0,0.0
282,0.0,0.0
283,0.0,0.0
284,0.0,0.0
285,0.0,0.0
286,0.0,0.0
287,0.0,0.0
288,0.0,0.0
289,0.0,0.075
290,0.0,0.025
291,0.0,0.125
292,0.0,0.2
293,0.0,0.15
294,0.0,0.075
295,0.0,0.2
296,0.0,0.175
297,0.0,0.1
298,0.0,0.05
299,0.0,0.05
300,0.0,0.0
0,0.0,1.0
1,0.0,0.3
2,0.0,0.075
3,0.0,0.725
4,0.0,0.375
5,0.0,0.15
6,0.0,0.075
7,0.0,0.075
8,0.0,0.6
9,0.0,0.45
10,0.0,0.125
11,0.0,0.05
12,0.0,0.05
13,0.0,0.0
14,0.0,0.025
15,0.0,0.4
16,0.0,0.5
17,0.0,0.25
18,0.0,0.075
19,0.0,0.1
20,0.0,0.075
21,0.0,0.025
22,0.0,0.0
23,0.0,0.0
24,0.0,0.275
25,0.0,0.375
26,0.0,0.325
27,0.0,0.1
28,0.0,0.025
29,0.0,0.075
30,0.0,0.05
31,0.0,0.025
32,0.0,0.0
33,0.0,0.0
34,0.0,0.0
35,0.0,0.25
36,0.0,0.325
37,0.0,0.3
38,0.0,0.175
39,0.0,0.125
40,0.0,0.075
41,0.0,0.05
42,0.0,0.025
43,0.0,0.0
44,0.0,0.0
45,0.0,0.0
46,0.0,0.0
47,0.0,0.0
48,0.0,0.2
49,0.0,0.275
50,0.0,0.275
51,0.0,0.125
52,0.0,0.1
53,0.0,0.1
54,0.0,0.05
55,0.0,0.05
56,0.0,0.0
57,0.0,0.0
58,0.0,0.0
59,0.0,0.0
60,0.0,0.0
61,0.0,0.0
62,0.0,0.0
63,0.0,0.2
64,0.0,0.3
65,0.0,0.325
66,0.0,0.2
67,0.0,0.1
68,0.0,0.1
69,0.0,0.075
70,0.0,0.075
71,0.0,0.025
72,0.0,0.0
73,0.0,0.0
74,0.0,0.0
75,0.0,0.0
76,0.0,0.0
77,0.0,0.0
78,0.0,0.0
79,0.0,0.0
80,0.0,0.125
81,0.0,0.225
82,0.0,0.3
83,0.0,0.2
84,0.0,0.1
85,0.0,0.125
86,0.0,0.1
87,0.0,0.1
88,0.0,0.075
89,0.0,0.025
90,0.0,0.0
91,0.0,0.0
92,0.0,0.0
93,0.0,0.0
94,0.0,0.0
95,0.0,0.0
96,0.0,0.0
97,0.0,0.0
98,0.0,0.0
99,0.0,0.1
100,0.0,0.175
101,0.0,0.325
102,0.0,0.275
103,0.0,0.1
104,0.0,0.15
105,0.0,0.075
106,0.0,0.05
107,0.0,0.075
108,0.0,0.025
109,0.0,0.025
110,0.0,0.0
111,0.0,0.0
112,0.0,0.0
113,0.0,0.0
114,0.0,0.0
115,0.0,0.0
116,0.0,0.0
117,0.0,0.0
118,0.0,0.0
119,0.0,0.0
120,0.0,0.1
121,0.0,0.1
122,0.0,0.3
123,0.0,0.25
124,0.0,0.05
125,0.0,0.15
126,0.0,0.075
127,0.0,0.05
128,0.0,0.075
129,0.0,0.025
130,0.0,0.025
131,0.0,0.025
132,0.0,0.025
133,0.0,0.025
134,0.0,0.0
135,0.0,0.0
136,0.0,0.0
137,0.0,0.0
138,0.0,0.0
139,0.0,0.0
140,0.0,0.0
141,0.0,0.0
142,0.0,0.0
143,0.0,0.1
144,0.0,0.05
145,0.0,0.25
146,0.0,0.25
147,0.0,0.1
148,0.0,0.225
149,0.0,0.075
150,0.0,0.05
151,0.0,0.1
152,0.0,0.025
153,0.0,0.0
154,0.0,0.0
155,0.0,0.0
156,0.0,0.025
157,0.0,0.0
158,0.0,0.0
159,0.0,0.0
160,0.0,0.0
161,0.0,0.0
162,0.0,0.0
163,0.0,0.0
164,0.0,0.0
165,0.0,0.0
166,0.0,0.0
167,0.0,0.0
168,0.0,0.1
169,0.0,0.05
170,0.0,0.225
171,0.0,0.25
172,0.0,0.05
173,0.0,0.225
174,0.0,0.15
175,0.0,0.05
176,0.0,0.125
177,0.0,0.025
178,0.0,0.0
179,0.0,0.0
180,0.0,0.0
181,0.0,0.025
182,0.0,0.0
183,0.0,0.0
184,0.0,0.0
185,0.0,0.0
186,0.0,0.0
187,0.0,0.0
188,0.0,0.0
189,0.0,0.0
190,0.0,0.0
191,0.0,0.0
192,0.0,0.0
193,0.0,0.0
194,0.0,0.0
195,0.0,0.1
196,0.0,0.075
197,0.0,0.15
198,0.0,0.25
199,0.0,0.075
200,0.0,0.175
201,0.0,0.1
202,0.0,0.025
203,0.0,0.15
204,0.0,0.025
205,0.0,0.0
206,0.0,0.0
207,0.0,0.0
208,0.0,0.025
209,0.0,0.0
210,0.0,0.0
211,0.0,0.0
212,0.0,0.0
213,0.0,0.0
214,0.0,0.0
215,0.0,0.0
216,0.0,0.0
217,0.0,0.0
218,0.0,0.0
219,0.0,0.0
220,0.0,0.0
221,0.0,0.0
222,0.0,0.0
223,0.0,0.0
224,0.0,0.075
225,0.0,0.125
226,0.0,0.15
227,0.0,0.25
228,0.0,0.125
229,0.0,0.225
230,0.0,0.125
231,0.0,0.05
232,0.0,0.15
233,0.0,0.1
234,0.0,0.025
235,0.0,0.0
236,0.0,0.0
237,0.0,0.025
238,0.0,0.025
239,0.0,0.0
240,0.0,0.0
241,0.0,0.0
242,0.0,0.0
243,0.0,0.0
244,0.0,0.0
245,0.0,0.0
246,0.0,0.0
247,0.0,0.0
248,0.0,0.0
249,0.0,0.0
250,0.0,0.0
251,0.0,0.0
252,0.0,0.0
253,0.0,0.0
254,0.0,0.0
255,0.0,0.025
256,0.0,0.1
257,0.0,0.1
258,0.0,0.2
259,0.0,0.1
260,0.0,0.225
261,0.0,0.125
262,0.0,0.075
263,0.0,0.15
264,0.0,0.075
265,0.0,0.075
266,0.0,0.025
267,0.0,0.0
268,0.0,0.0
269,0.0,0.025
270,0.0,0.025
271,0.0,0.0
272,0.0,0.0
273,0.0,0.0
274,0.0,0.0
275,0.0,0.0
276,0.0,0.0
277,0.0,0.0
278,0.0,0.0
279,0.0,0.0
280,0.0,0.0
281,0.0,0.0
282,0.0,0.0
283,0.0,0.0
284,0.0,0.0
285,0.0,0.0
286,0.0,0.0
287,0.0,0.0
288,0.0,0.025
289,0.0,0.1
290,0.0,0.125
291,0.0,0.175
292,0.0,0.125
293,0.0,0.2
294,0.0,0.125
295,0.0,0.025
296,0.0,0.15
297,0.0,0.075
298,0.0,0.075
299,0.0,0.025
300,0.0,0.0
0,0.0,1.0
1,0.0,0.275
2,0.0,0.05
3,0.0,0.725
4,0.0,0.4
5,0.0,0.175
6,0.0,0.075
7,0.0,0.0
8,0.0,0.55
9,0.0,0.325
10,0.0,0.175
11,0.0,0.125
12,0.0,0.0
13,0.0,0.0
14,0.0,0.0
15,0.0,0.5
16,0.0,0.325
17,0.0,0.325
18,0.0,0.25
19,0.0,0.075
20,0.0,0.0
21,0.0,0.0
22,0.0,0.0
23,0.0,0.0
24,0.0,0.425
25,0.0,0.225
26,0.0,0.3
27,0.0,0.3
28,0.0,0.1
29,0.0,0.025
30,0.0,0.0
31,0.0,0.0
32,0.0,0.0
33,0.0,0.0
34,0.0,0.0
35,0.0,0.325
36,0.0,0.15
37,0.0,0.2
38,0.0,0.325
39,0.0,0.175
40,0.0,0.075
41,0.0,0.025
42,0.0,0.0
43,0.0,0.0
44,0.0,0.0
45,0.0,0.0
46,0.0,0.0
47,0.0,0.0
48,0.0,0.3
49,0.0,0.225
50,0.0,0.225
51,0.0,0.275
52,0.0,0.175
53,0.0,0.125
54,0.0,0.1
55,0.0,0.05
56,0.0,0.0
57,0.0,0.0
58,0.0,0.0
59,0.0,0.0
60,0.0,0.0
61,0.0,0.0
62,0.0,0.0
63,0.0,0.2
64,0.0,0.175
65,0.0,0.225
66,0.0,0.325
67,0.0,0.175
68,0.0,0.075
69,0.0,0.05
70,0.0,0.05
71,0.0,0.0
72,0.0,0.0
73,0.0,0.0
74,0.0,0.0
75,0.0,0.0
76,0.0,0.0
77,0.0,0.0
78,0.0,0.0
79,0.0,0.0
80,0.0,0.175
81,0.0,0.15
82,0.0,0.125
83,0.0,0.3
84,0.0,0.175
85,0.0,0.125
86,0.0,0.05
87,0.0,0.05
88,0.0,0.0
89,0.0,0.0
90,0.0,0.0
91,0.0,0.0
92,0.0,0.0
93,0.0,0.0
94,0.0,0.0
95,0.0,0.0
96,0.0,0.0
97,0.0,0.0
98,0.0,0.0
99,0.0,0.15
100,0.0,0.2
101,0.0,0.2
102,0.0,0.3
103,0.0,0.2
104,0.0,0.125
105,0.0,0.075
106,0.0,0.1
107,0.0,0.0
108,0.0,0.0
109,0.0,0.0
110,0.0,0.0
111,0.0,0.0
112,0.0,0.0
113,0.0,0.0
114,0.0,0.0
115,0.0,0.0
116,0.0,0.0
117,0.0,0.0
118,0.0,0.0
119,0.0,0.0
120,0.0,0.1
121,0.0,0.1
122,0.0,0.225
123,0.0,0.3
124,0.0,0.275
125,0.0,0.15
126,0.0,0.05
127,0.0,0.1
128,0.0,0.05
129,0.0,0.025
130,0.0,0.0
131,0.0,0.0
132,0.0,0.0
133,0.0,0.0
134,0.0,0.0
135,0.0,0.0
136,0.0,0.0
137,0.0,0.0
138,0.0,0.0
139,0.0,0.0
140,0.0,0.0
141,0.0,0.0
142,0.0,0.0
143,0.0,0.075
144,0.0,0.05
145,0.0,0.175
146,0.0,0.3
147,0.0,0.3
148,0.0,0.175
149,0.0,0.125
150,0.0,0.125
151,0.0,0.05
152,0.0,0.05
153,0.0,0.0
154,0.0,0.0
155,0.0,0.0
156,0.0,0.0
157,0.0,0.0
158,0.0,0.0
159,0.0,0.0
160,0.0,0.0
161,0.0,0.0
162,0.0,0.0
163,0.0,0.0
164,0.0,0.0
165,0.0,0.0
166,0.0,0.0
167,0.0,0.0
168,0.0,0.075
169,0.0,0.025
170,0.0,0.1
171,0.0,0.25
172,0.0,0.325
173,0.0,0.175
174,0.0,0.075
175,0.0,0.125
176,0.0,0.025
177,0.0,0.075
178,0.0,0.0
179,0.0,0.0
180,0.0,0.0
181,0.0,0.0
182,0.0,0.0
183,0.0,0.0
184,0.0,0.0
185,0.0,0.0
186,0.0,0.0
187,0.0,0.0
188,0.0,0.0
189,0.0,0.0
190,0.0,0.0
191,0.0,0.0
192,0.0,0.0
193,0.0,0.0
194,0.0,0.0
195,0.0,0.075
196,0.0,0.05
197,0.0,0.1
198,0.0,0.175
199,0.0,0.3
200,0.0,0.225
201,0.0,0.15
202,0.0,0.175
203,0.0,0.05
204,0.0,0.075
205,0.0,0.025
206,0.0,0.025
207,0.0,0.0
208,0.0,0.0
209,0.0,0.0
210,0.0,0.0
211,0.0,0.0
212,0.0,0.0
213,0.0,0.0
214,0.0,0.0
215,0.0,0.0
216,0.0,0.0
217,0.0,0.0
218,0.0,0.0
219,0.0,0.0
220,0.0,0.0
221,0.0,0.0
222,0.0,0.0
223,0.0,0.0
224,0.0,0.05
225,0.0,0.075
226,0.0,0.15
227,0.0,0.175
228,0.0,0.325
229,0.0,0.25
230,0.0,0.175
231,0.0,0.15
232,0.0,0.075
233,0.0,0.075
234,0.0,0.0
235,0.0,0.025
236,0.0,0.0
237,0.0,0.0
238,0.0,0.0
239,0.0,0.0
240,0.0,0.0
241,0.0,0.0
242,0.0,0.0
243,0.0,0.0
244,0.0,0.0
245,0.0,0.0
246,0.0,0.0
247,0.0,0.0
248,0.0,0.0
249,0.0,0.0
250,0.0,0.0
251,0.0,0.0
252,0.0,0.0
253,0.0,0.0
254,0.0,0.0
255,0.0,0.0
256,0.0,0.025
257,0.0,0.1
258,0.0,0.1
259,0.0,0.25
260,0.0,0.225
261,0.0,0.15
262,0.0,0.175
263,0.0,0.075
264,0.0,0.1
265,0.0,0.05
266,0.0,0.05
267,0.0,0.025
268,0.0,0.025
269,0.0,0.0
270,0.0,0.0
271,0.0,0.0
272,0.0,0.0
273,0.0,0.0
274,0.0,0.0
275,0.0,0.0
276,0.0,0.0
277,0.0,0.0
278,0.0,0.0
279,0.0,0.0
280,0.0,0.0
281,0.0,0.0
282,0.0,0.0
283,0.0,0.0
284,0.0,0.0
285,0.0,0.0
286,0.0,0.0
287,0.0,0.0
288,0.0,0.0
289,0.0,0.025
290,0.0,0.1
291,0.0,0.075
292,0.0,0.225
293,0.0,0.25
294,0.0,0.15
295,0.0,0.2
296,0.0,0.1
297,0.0,0.1
298,0.0,0.05
299,0.0,0.025
300,0.0,0.0
0,0.0,1.0
1,0.0,0.25
2,0.0,0.15
3,0.0,0.775
4,0.0,0.35
5,0.0,0.225
6,0.0,0.025
7,0.16666666666666666,0.0
8,0.2833333333333333,0.5
9,0.11666666666666667,0.375
10,0.0,0.275
11,0.0,0.15
12,0.0,0.025
13,0.0,0.0
14,0.13333333333333333,0.0
15,0.13333333333333333,0.375
16,0.11666666666666667,0.4
17,0.11666666666666667,0.225
18,0.0,0.2
19,0.0,0.075
20,0.0,0.0
21,0.0,0.0
22,0.0,0.0
23,0.0,0.0
24,0.0,0.3
25,0.0,0.375
26,0.0,0.25
27,0.0,0.2
28,0.0,0.125
29,0.0,0.025
30,0.0,0.0
31,0.0,0.0
32,0.0,0.0
33,0.0,0.0
34,0.0,0.0
35,0.0,0.25
36,0.0,0.3
37,0.0,0.325
38,0.0,0.225
39,0.0,0.175
40,0.0,0.05
41,0.0,0.025
42,0.0,0.025
43,0.0,0.0
44,0.0,0.0
45,0.0,0.0
46,0.0,0.0
47,0.0,0.0
48,0.0,0.225
49,0.0,0.225
50,0.0,0.25
51,0.0,0.175
52,0.0,0.225
53,0.0,0.125
54,0.0,0.025
55,0.0,0.025
56,0.0,0.025
57,0.0,0.0
58,0.0,0.0
59,0.0,0.0
60,0.0,0.0
61,0.0,0.0
62,0.0,0.0
63,0.0,0.175
64,0.0,0.3
65,0.0,0.25
66,0.0,0.15
67,0.0,0.15
68,0.0,0.125
69,0.0,0.05
70,0.0,0.0
71,0.0,0.025
72,0.0,0.0
73,0.0,0.0
74,0.0,0.0
75,0.0,0.0
76,0.0,0.0
77,0.0,0.0
78,0.0,0.0
79,0.0,0.0
80,0.0,0.1
81,0.0,0.3
82,0.0,0.35
83,0.0,0.2
84,0.0,0.25
85,0.0,0.125
86,0.0,0.1
87,0.0,0.0
88,0.0,0.025
89,0.0,0.0
90,0.0,0.0
91,0.0,0.0
92,0.0,0.0
93,0.0,0.0
94,0.0,0.0
95,0.0,0.0
96,0.0,0.0
97,0.0,0.0
98,0.0,0.0
99,0.0,0.075
100,0.0,0.2
101,0.0,0.3
102,0.0,0.15
103,0.0,0.3
104,0.0,0.175
105,0.0,0.2
106,0.0,0.025
107,0.0,0.05
108,0.0,0.025
109,0.0,0.0
110,0.0,0.0
111,0.0,0.0
112,0.0,0.0
113,0.0,0.0
114,0.0,0.0
115,0.0,0.0
116,0.0,0.0
117,0.0,0.0
118,0.0,0.0
119,0.0,0.0
120,0.0,0.025
121,0.0,0.175
122,0.0,0.25
123,0.0,0.15
124,0.0,0.225
125,0.0,0.075
126,0.0,0.225
127,0.0,0.075
128,0.0,0.025
129,0.0,0.025
130,0.0,0.025
131,0.0,0.0
132,0.0,0.0
133,0.0,0.0
134,0.0,0.0
135,0.0,0.0
136,0.0,0.0
137,0.0,0.0
138,0.0,0.0
139,0.0,0.0
140,0.0,0.0
141,0.0,0.0
142,0.0,0.0
143,0.0,0.025
144,0.0,0.15
145,0.0,0.225
146,0.0,0.175
147,0.0,0.25
148,0.0,0.05
149,0.0,0.175
150,0.0,0.1
151,0.0,0.025
152,0.0,0.0
153,0.0,0.025
154,0.0,0.0
155,0.0,0.0
156,0.0,0.0
157,0.0,0.0
158,0.0,0.0
159,0.0,0.0
160,0.0,0.0
161,0.0,0.0
162,0.0,0.0
163,0.0,0.0
164,0.0,0.0
165,0.0,0.0
166,0.0,0.0
167,0.0,0.0
168,0.0,0.025
169,0.0,0.1
170,0.0,0.225
171,0.0,0.25
172,0.0,0.325
173,0.0,0.1
174,0.0,0.15
175,0.0,0.125
176,0.0,0.05
177,0.0,0.0
178,0.0,0.025
179,0.0,0.025
180,0.0,0.0
181,0.0,0.0
182,0.0,0.0
183,0.0,0.0
184,0.0,0.0
185,0.0,0.0
186,0.0,0.0
187,0.0,0.0
188,0.0,0.0
189,0.0,0.0
190,0.0,0.0
191,0.0,0.0
192,0.0,0.0
193,0.0,0.0
194,0.0,0.0
195,0.0,0.025
196,0.0,0.075
197,0.0,0.175
198,0.0,0.175
199,0.0,0.375
200,0.0,0.25
201,0.0,0.25
202,0.0,0.175
203,0.0,0.1
204,0.0,0.05
205,0.0,0.025
206,0.0,0.025
207,0.0,0.0
208,0.0,0.0
209,0.0,0.0
210,0.0,0.0
211,0.0,0.0
212,0.0,0.0
213,0.0,0.0
214,0.0,0.0
215,0.0,0.0
216,0.0,0.0
217,0.0,0.0
218,0.0,0.0
219,0.0,0.0
220,0.0,0.0
221,0.0,0.0
222,0.0,0.0
223,0.0,0.0
224,0.0,0.0
225,0.0,0.025
226,0.0,0.15
227,0.0,0.15
228,0.0,0.25
229,0.0,0.2
230,0.0,0.2
231,0.0,0.15
232,0.0,0.125
233,0.0,0.025
234,0.0,0.025
235,0.0,0.025
236,0.0,0.0
237,0.0,0.0
238,0.0,0.0
239,0.0,0.0
240,0.0,0.0
241,0.0,0.0
242,0.0,0.0
243,0.0,0.0
244,0.0,0.0
245,0.0,0.0
246,0.0,0.0
247,0.0,0.0
248,0.0,0.0
249,0.0,0.0
250,0.0,0.0
251,0.0,0.0
252,0.0,0.0
253,0.0,0.0
254,0.0,0.0
255,0.0,0.0
256,0.0,0.025
257,0.0,0.05
258,0.0,0.125
259,0.0,0.225
260,0.0,0.2
261,0.0,0.225
262,0.0,0.15
263,0.0,0.15
264,0.0,0.075
265,0.0,0.05
266,0.0,0.05
267,0.0,0.025
268,0.0,0.025
269,0.0,0.0
270,0.0,0.0
271,0.0,0.0
272,0.0,0.0
273,0.0,0.0
274,0.0,0.0
275,0.0,0.0
276,0.0,0.0
277,0.0,0.0
278,0.0,0.0
279,0.0,0.0
280,0.0,0.0
281,0.0,0.0
282,0.0,0.0
283,0.0,0.0
284,0.0,0.0
285,0.0,0.0
286,0.0,0.0
287,0.0,0.0
288,0.0,0.0
289,0.0,0.025
290,0.0,0.05
291,0.0,0.1
292,0.0,0.2
293,0.0,0.2
294,0.0,0.2
295,0.0,0.2
296,0.0,0.15
297,0.0,0.075
298,0.0,0.025
299,0.0,0.025
300,0.0,0.0
0,0.0,1.0
1,0.0,0.275
2,0.0,0.1
3,0.0,0.75
4,0.0,0.375
5,0.0,0.125
6,0.0,0.025
7,0.18333333333333332,0.0
8,0.18333333333333332,0.525
9,0.0,0.475
10,0.0,0.225
11,0.0,0.1
12,0.0,0.05
13,0.0,0.0
14,0.0,0.0
15,0.0,0.375
16,0.0,0.575
17,0.0,0.275
18,0.0,0.125
19,0.0,0.1
20,0.0,0.05
21,0.0,0.025
22,0.0,0.0
23,0.0,0.0
24,0.0,0.175
25,0.0,0.5
26,0.0,0.425
27,0.0,0.15
28,0.0,0.075
29,0.0,0.05
30,0.0,0.075
31,0.0,0.025
32,0.0,0.0
33,0.0,0.0
34,0.0,0.0
35,0.0,0.125
36,0.0,0.325
37,0.0,0.375
38,0.0,0.225
39,0.0,0.125
40,0.0,0.0
41,0.0,0.05
42,0.0,0.05
43,0.0,0.025
44,0.0,0.025
45,0.0,0.0
46,0.0,0.0
47,0.0,0.0
48,0.0,0.075
49,0.0,0.3
50,0.0,0.35
51,0.0,0.275
52,0.0,0.2
53,0.0,0.025
54,0.0,0.025
55,0.0,0.025
56,0.0,0.0
57,0.0,0.025
58,0.0,0.025
59,0.0,0.0
60,0.0,0.0
61,0.0,0.0
62,0.0,0.0
63,0.0,0.075
64,0.0,0.225
65,0.0,0.325
66,0.0,0.25
67,0.0,0.25
68,0.0,0.1
69,0.0,0.05
70,0.0,0.025
71,0.0,0.025
72,0.0,0.025
73,0.0,0.025
74,0.0,0.0
75,0.0,0.0
76,0.0,0.0
77,0.0,0.0
78,0.0,0.0
79,0.0,0.0
80,0.0,0.075
81,0.0,0.15
82,0.0,0.35
83,0.0,0.25
84,0.0,0.225
85,0.0,0.15
86,0.0,0.1
87,0.0,0.025
88,0.0,0.0
89,0.0,0.025
90,0.0,0.05
91,0.0,0.0
92,0.0,0.0
93,0.0,0.0
94,0.0,0.0
95,0.0,0.0
96,0.0,0.0
97,0.0,0.0
98,0.0,0.0
99,0.0,0.05
100,0.0,0.075
101,0.0,0.3
102,0.0,0.275
103,0.0,0.175
104,0.0,0.15
105,0.0,0.1
106,0.0,0.025
107,0.0,0.025
108,0.0,0.0
109,0.0,0.05
110,0.0,0.0
111,0.0,0.0
112,0.0,0.0
113,0.0,0.0
114,0.0,0.0
115,0.0,0.0
116,0.0,0.0
117,0.0,0.0
118,0.0,0.0
119,0.0,0.0
120,0.0,0.05
121,0.0,0.05
122,0.0,0.25
123,0.0,0.275
124,0.0,0.175
125,0.0,0.175
126,0.0,0.225
127,0.0,0.1
128,0.0,0.05
129,0.0,0.05
130,0.0,0.075
131,0.0,0.025
132,0.0,0.0
133,0.0,0.0
134,0.0,0.0
135,0.0,0.0
136,0.0,0.0
137,0.0,0.0
138,0.0,0.0
139,0.0,0.0
140,0.0,0.0
141,0.0,0.0
142,0.0,0.0
143,0.0,0.05
144,0.0,0.075
145,0.0,0.275
146,0.0,0.275
147,0.0,0.2
148,0.0,0.075
149,0.0,0.125
150,0.0,0.1
151,0.0,0.0
152,0.0,0.025
153,0.0,0.075
154,0.0,0.05
155,0.0,0.0
156,0.0,0.0
157,0.0,0.0
158,0.0,0.0
159,0.0,0.0
160,0.0,0.0
161,0.0,0.0
162,0.0,0.0
163,0.0,0.0
164,0.0,0.0
165,0.0,0.0
166,0.0,0.0
167,0.0,0.0
168,0.0,0.0
169,0.0,0.025
170,0.0,0.25
171,0.0,0.225
172,0.0,0.25
173,0.0,0.1
174,0.0,0.175
175,0.0,0.15
176,0.0,0.05
177,0.0,0.0
178,0.0,0.05
179,0.0,0.075
180,0.0,0.025
181,0.0,0.0
182,0.0,0.0
183,0.0,0.0
184,0.0,0.0
185,0.0,0.0
186,0.0,0.0
187,0.0,0.0
188,0.0,0.0
189,0.0,0.0
190,0.0,0.0
191,0.0,0.0
192,0.0,0.0
193,0.0,0.0
194,0.0,0.0
195,0.0,0.0
196,0.0,0.0
197,0.0,0.225
198,0.0,0.225
199,0.0,0.3
200,0.0,0.075
201,0.0,0.175
202,0.0,0.125
203,0.0,0.075
204,0.0,0.025
205,0.0,0.025
206,0.0,0.05
207,0.0,0.025
208,0.0,0.0
209,0.0,0.0
210,0.0,0.0
211,0.0,0.0
212,0.0,0.0
213,0.0,0.0
214,0.0,0.0
215,0.0,0.0
216,0.0,0.0
217,0.0,0.0
218,0.0,0.0
219,0.0,0.0
220,0.0,0.0
221,0.0,0.0
222,0.0,0.0
223,0.0,0.0
224,0.0,0.0
225,0.0,0.0
226,0.0,0.15
227,0.0,0.175
228,0.0,0.3
229,0.0,0.1
230,0.0,0.15
231,0.0,0.125
232,0.0,0.1
233,0.0,0.025
234,0.0,0.025
235,0.0,0.05
236,0.0,0.05
237,0.0,0.025
238,0.0,0.025
239,0.0,0.025
240,0.0,0.0
241,0.0,0.0
242,0.0,0.0
243,0.0,0.0
244,0.0,0.0
245,0.0,0.0
246,0.0,0.0
247,0.0,0.0
248,0.0,0.0
249,0.0,0.0
250,0.0,0.0
251,0.0,0.0
252,0.0,0.0
253,0.0,0.0
254,0.0,0.0
255,0.0,0.0
256,0.0,0.0
257,0.0,0.125
258,0.0,0.125
259,0.0,0.25
260,0.0,0.2
261,0.0,0.15
262,0.0,0.15
263,0.0,0.2
264,0.0,0.1
265,0.0,0.05
266,0.0,0.025
267,0.0,0.025
268,0.0,0.0
269,0.0,0.0
270,0.0,0.025
271,0.0,0.0
272,0.0,0.0
273,0.0,0.0
274,0.0,0.0
275,0.0,0.0
276,0.0,0.0
277,0.0,0.0
278,0.0,0.0
279,0.0,0.0
280,0.0,0.0
281,0.0,0.0
282,0.0,0.0
283,0.0,0.0
284,0.0,0.0
285,0.0,0.0
286,0.0,0.0
287,0.0,0.0
288,0.0,0.0
289,0.0,0.0
290,0.0,0.125
291,0.0,0.125
292,0.0,0.15
293,0.0,0.175
294,0.0,0.1
295,0.0,0.075
296,0.0,0.15
297,0.0,0.175
298,0.0,0.075
299,0.0,0.075
300,0.0,0.05
0,0.0,1.0
1,0.0,0.3
2,0.0,0.075
3,0.0,0.75
4,0.0,0.45
5,0.0,0.1
6,0.0,0.05
7,0.0,0.025
8,0.0,0.475
9,0.0,0.475
10,0.0,0.2
11,0.0,0.125
12,0.0,0.025
13,0.0,0.0
14,0.0,0.0
15,0.0,0.375
16,0.0,0.5
17,0.0,0.15
18,0.0,0.175
19,0.0,0.075
20,0.0,0.0
21,0.0,0.0
22,0.0,0.0
23,0.0,0.0
24,0.0,0.25
25,0.0,0.5
26,0.0,0.225
27,0.0,0.175
28,0.0,0.1
29,0.0,0.05
30,0.0,0.0
31,0.0,0.0
32,0.0,0.0
33,0.0,0.0
34,0.0,0.0
35,0.0,0.2
36,0.0,0.4
37,0.0,0.25
38,0.0,0.2
39,0.0,0.1
40,0.0,0.125
41,0.0,0.0
42,0.0,0.0
43,0.0,0.0
44,0.0,0.0
45,0.0,0.0
46,0.0,0.0
47,0.0,0.0
48,0.0,0.175
49,0.0,0.35
50,0.0,0.375
51,0.0,0.2
52,0.0,0.1
53,0.0,0.175
54,0.0,0.025
55,0.0,0.0
56,0.0,0.0
57,0.0,0.0
58,0.0,0.0
59,0.0,0.0
60,0.0,0.0
61,0.0,0.0
62,0.0,0.0
63,0.0,0.15
64,0.0,0.175
65,0.0,0.4
66,0.0,0.2
67,0.0,0.075
68,0.0,0.175
69,0.0,0.05
70,0.0,0.0
71,0.0,0.0
72,0.0,0.0
73,0.0,0.0
74,0.0,0.0
75,0.0,0.0
76,0.0,0.0
77,0.0,0.0
78,0.0,0.0
79,0.0,0.0
80,0.0,0.15
81,0.0,0.175
82,0.0,0.375
83,0.0,0.275
84,0.0,0.1
85,0.0,0.175
86,0.0,0.075
87,0.0,0.025
88,0.0,0.0
89,0.0,0.0
90,0.0,0.0
91,0.0,0.0
92,0.0,0.0
93,0.0,0.0
94,0.0,0.0
95,0.0,0.0
96,0.0,0.0
97,0.0,0.0
98,0.0,0.0
99,0.0,0.075
100,0.0,0.15
101,0.0,0.325
102,0.0,0.35
103,0.0,0.15
104,0.0,0.175
105,0.0,0.05
106,0.0,0.05
107,0.0,0.025
108,0.0,0.0
109,0.0,0.0
110,0.0,0.0
111,0.0,0.0
112,0.0,0.0
113,0.0,0.0
114,0.0,0.0
115,0.0,0.0
116,0.0,0.0
117,0.0,0.0
118,0.0,0.0
119,0.0,0.0
120,0.0,0.05
121,0.0,0.1
122,0.0,0.275
123,0.0,0.275
124,0.0,0.25
125,0.0,0.225
126,0.0,0.075
127,0.0,0.05
128,0.0,0.025
129,0.0,0.025
130,0.0,0.025
131,0.0,0.025
132,0.0,0.025
133,0.0,0.0
134,0.0,0.0
135,0.0,0.0
136,0.0,0.0
137,0.0,0.0
138,0.0,0.0
139,0.0,0.0
140,0.0,0.0
141,0.0,0.0
142,0.0,0.0
143,0.0,0.05
144,0.0,0.025
145,0.0,0.275
146,0.0,0.225
147,0.0,0.2
148,0.0,0.2
149,0.0,0.05
150,0.0,0.075
151,0.0,0.025
152,0.0,0.0
153,0.0,0.0
154,0.0,0.0
155,0.0,0.025
156,0.0,0.025
157,0.0,0.0
158,0.0,0.0
159,0.0,0.0
160,0.0,0.0
161,0.0,0.0
162,0.0,0.0
163,0.0,0.0
164,0.0,0.0
165,0.0,0.0
166,0.0,0.0
167,0.0,0.0
168,0.0,0.05
169,0.0,0.025
170,0.0,0.2
171,0.0,0.25
172,0.0,0.25
173,0.0,0.225
174,0.0,0.1
175,0.0,0.075
176,0.0,0.025
177,0.0,0.0
178,0.0,0.0
179,0.0,0.0
180,0.0,0.0
181,0.0,0.025
182,0.0,0.0
183,0.0,0.0
184,0.0,0.0
185,0.0,0.0
186,0.0,0.0
187,0.0,0.0
188,0.0,0.0
189,0.0,0.0
190,0.0,0.0
191,0.0,0.0
192,0.0,0.0
193,0.0,0.0
194,0.0,0.0
195,0.0,0.05
196,0.0,0.025
197,0.0,0.175
198,0.0,0.175
199,0.0,0.3
200,0.0,0.225
201,0.0,0.175
202,0.0,0.15
203,0.0,0.075
204,0.0,0.0
205,0.0,0.0
206,0.0,0.0
207,0.0,0.0
208,0.0,0.025
209,0.0,0.0
210,0.0,0.0
211,0.0,0.0
212,0.0,0.0
213,0.0,0.0
214,0.0,0.0
215,0.0,0.0
216,0.0,0.0
217,0.0,0.0
218,0.0,0.0
219,0.0,0.0
220,0.0,0.0
221,0.0,0.0
222,0.0,0.0
223,0.0,0.0
224,0.0,0.05
225,0.0,0.025
226,0.0,0.175
227,0.0,0.15
228,0.0,0.25
229,0.0,0.125
230,0.0,0.125
231,0.0,0.1
232,0.0,0.1
233,0.0,0.075
234,0.0,0.05
235,0.0,0.0
236,0.0,0.0
237,0.0,0.025
238,0.0,0.0
239,0.0,0.0
240,0.0,0.0
241,0.0,0.0
242,0.0,0.0
243,0.0,0.0
244,0.0,0.0
245,0.0,0.0
246,0.0,0.0
247,0.0,0.0
248,0.0,0.0
249,0.0,0.0
250,0.0,0.0
251,0.0,0.0
252,0.0,0.0
253,0.0,0.0
254,0.0,0.0
255,0.0,0.05
256,0.0,0.025
257,0.0,0.125
258,0.0,0.125
259,0.0,0.3
260,0.0,0.15
261,0.0,0.125
262,0.0,0.075
263,0.0,0.075
264,0.0,0.025
265,0.0,0.075
266,0.0,0.025
267,0.0,0.0
268,0.0,0.025
269,0.0,0.0
270,0.0,0.0
271,0.0,0.0
272,0.0,0.0
273,0.0,0.0
274,0.0,0.0
275,0.0,0.0
276,0.0,0.0
277,0.0,0.0
278,0.0,0.0
279,0.0,0.0
280,0.0,0.0
281,0.0,0.0
282,0.0,0.0
283,0.0,0.0
284,0.0,0.0
285,0.0,0.0
286,0.0,0.0
287,0.0,0.0
288,0.0,0.05
289,0.0,0.025
290,0.0,0.15
291,0.0,0.1
292,0.0,0.3
293,0.0,0.2
294,0.0,0.175
295,0.0,0.1
296,0.0,0.075
297,0.0,0.0
298,0.0,0.05
299,0.0,0.05
300,0.0,0.0
0,0.0,1.0
1,0.0,0.175
2,0.0,0.0
3,0.16666666666666666,0.825
4,0.16666666666666666,0.425
5,0.0,0.15
6,0.0,0.0
7,0.0,0.0
8,0.0,0.575
9,0.0,0.45
10,0.0,0.25
11,0.0,0.05
12,0.0,0.025
13,0.0,0.0
14,0.0,0.0
15,0.0,0.4
16,0.0,0.45
17,0.0,0.325
18,0.0,0.15
19,0.0,0.1
20,0.0,0.0
21,0.0,0.0
22,0.0,0.0
23,0.0,0.0
24,0.0,0.3
25,0.0,0.4
26,0.0,0.275
27,0.0,0.15
28,0.0,0.15
29,0.0,0.05
30,0.0,0.025
31,0.0,0.025
32,0.0,0.0
33,0.0,0.0
34,0.0,0.0
35,0.0,0.225
36,0.0,0.425
37,0.0,0.275
38,0.0,0.175
39,0.0,0.1
40,0.0,0.05
41,0.0,0.0
42,0.0,0.025
43,0.0,0.0
44,0.0,0.0
45,0.0,0.0
46,0.0,0.0
47,0.0,0.0
48,0.0,0.125
49,0.0,0.375
50,0.0,0.325
51,0.0,0.325
52,0.0,0.15
53,0.0,0.05
54,0.0,0.0
55,0.0,0.025
56,0.0,0.0
57,0.0,0.0
58,0.0,0.0
59,0.0,0.0
60,0.0,0.0
61,0.0,0.0
62,0.0,0.0
63,0.0,0.1
64,0.0,0.25
65,0.0,0.175
66,0.0,0.325
67,0.0,0.25
68,0.0,0.1
69,0.0,0.025
70,0.0,0.025
71,0.0,0.0
72,0.0,0.0
73,0.0,0.0
74,0.0,0.0
75,0.0,0.0
76,0.0,0.0
77,0.0,0.0
78,0.0,0.0
79,0.0,0.0
80,0.0,0.1
81,0.0,0.3
82,0.0,0.175
83,0.0,0.275
84,0.0,0.275
85,0.0,0.175
86,0.0,0.075
87,0.0,0.05
88,0.0,0.025
89,0.0,0.0
90,0.0,0.0
91,0.0,0.0
92,0.0,0.0
93,0.0,0.0
94,0.0,0.0
95,0.0,0.0
96,0.0,0.0
97,0.0,0.0
98,0.0,0.0
99,0.0,0.05
100,0.0,0.225
101,0.0,0.175
102,0.0,0.25
103,0.0,0.175
104,0.0,0.125
105,0.0,0.1
106,0.0,0.05
107,0.0,0.025
108,0.0,0.0
109,0.0,0.0
110,0.0,0.0
111,0.0,0.0
112,0.0,0.0
113,0.0,0.0
114,0.0,0.0
115,0.0,0.0
116,0.0,0.0
117,0.0,0.0
118,0.0,0.0
119,0.0,0.0
120,0.0,0.05
121,0.0,0.2
122,0.0,0.125
123,0.0,0.25
124,0.0,0.275
125,0.0,0.1
126,0.0,0.15
127,0.0,0.075
128,0.0,0.025
129,0.0,0.0
130,0.0,0.0
131,0.0,0.0
132,0.0,0.0
133,0.0,0.0
134,0.0,0.0
135,0.0,0.0
136,0.0,0.0
137,0.0,0.0
138,0.0,0.0
139,0.0,0.0
140,0.0,0.0
141,0.0,0.0
142,0.0,0.0
143,0.0,0.025
144,0.0,0.2
145,0.0,0.2
146,0.0,0.2
147,0.0,0.325
148,0.0,0.1
149,0.0,0.125
150,0.0,0.075
151,0.0,0.05
152,0.0,0.0
153,0.0,0.0
154,0.0,0.0
155,0.0,0.0
156,0.0,0.0
157,0.0,0.0
158,0.0,0.0
159,0.0,0.0
160,0.0,0.0
161,0.0,0.0
162,0.0,0.0
163,0.0,0.0
164,0.0,0.0
165,0.0,0.0
166,0.0,0.0
167,0.0,0.0
168,0.0,0.025
169,0.0,0.125
170,0.0,0.175
171,0.0,0.175
172,0.0,0.275
173,0.0,0.225
174,0.0,0.2
175,0.0,0.1
176,0.0,0.075
177,0.0,0.025
178,0.0,0.025
179,0.0,0.0
180,0.0,0.0
181,0.0,0.0
182,0.0,0.0
183,0.0,0.0
184,0.0,0.0
185,0.0,0.0
186,0.0,0.0
187,0.0,0.0
188,0.0,0.0
189,0.0,0.0
190,0.0,0.0
191,0.0,0.0
192,0.0,0.0
193,0.0,0.0
194,0.0,0.0
195,0.0,0.025
196,0.0,0.125
197,0.0,0.15
198,0.0,0.175
199,0.0,0.175
200,0.0,0.175
201,0.0,0.2
202,0.0,0.15
203,0.0,0.125
204,0.0,0.025
205,0.0,0.025
206,0.0,0.0
207,0.0,0.0
208,0.0,0.0
209,0.0,0.0
210,0.0,0.0
211,0.0,0.0
212,0.0,0.0
213,0.0,0.0
214,0.0,0.0
215,0.0,0.0
216,0.0,0.0
217,0.0,0.0
218,0.0,0.0
219,0.0,0.0
220,0.0,0.0
221,0.0,0.0
222,0.0,0.0
223,0.0,0.0
224,0.0,0.0
225,0.0,0.1
226,0.0,0.125
227,0.0,0.225
228,0.0,0.2
229,0.0,0.2
230,0.0,0.125
231,0.0,0.15
232,0.0,0.15
233,0.0,0.05
234,0.0,0.075
235,0.0,0.025
236,0.0,0.0
237,0.0,0.0
238,0.0,0.0
239,0.0,0.0
240,0.0,0.0
241,0.0,0.0
242,0.0,0.0
243,0.0,0.0
244,0.0,0.0
245,0.0,0.0
246,0.0,0.0
247,0.0,0.0
248,0.0,0.0
249,0.0,0.0
250,0.0,0.0
251,0.0,0.0
252,0.0,0.0
253,0.0,0.0
254,0.0,0.0
255,0.0,0.0
256,0.0,0.1
257,0.0,0.05
258,0.0,0.175
259,0.0,0.15
260,0.0,0.3
261,0.0,0.125
262,0.0,0.15
263,0.0,0.2
264,0.0,0.025
265,0.0,0.05
266,0.0,0.025
267,0.0,0.0
268,0.0,0.0
269,0.0,0.0
270,0.0,0.0
271,0.0,0.0
272,0.0,0.0
273,0.0,0.0
274,0.0,0.0
275,0.0,0.0
276,0.0,0.0
277,0.0,0.0
278,0.0,0.0
279,0.0,0.0
280,0.0,0.0
281,0.0,0.0
282,0.0,0.0
283,0.0,0.0
284,0.0,0.0
285,0.0,0.0
286,0.0,0.0
287,0.0,0.0
288,0.0,0.0
289,0.0,0.1
290,0.0,0.075
291,0.0,0.15
292,0.0,0.1
293,0.0,0.25
294,0.0,0.075
295,0.0,0.075
296,0.0,0.175
297,0.0,0.075
298,0.0,0.075
299,0.0,0.025
300,0.0,0.0
